-- phpMyAdmin SQL Dump
-- version 4.2.11
-- http://www.phpmyadmin.net
--
-- Servidor: 127.0.0.1
-- Tiempo de generación: 23-04-2015 a las 14:52:30
-- Versión del servidor: 5.6.21
-- Versión de PHP: 5.6.3

SET SQL_MODE = "NO_AUTO_VALUE_ON_ZERO";
SET time_zone = "+00:00";


/*!40101 SET @OLD_CHARACTER_SET_CLIENT=@@CHARACTER_SET_CLIENT */;
/*!40101 SET @OLD_CHARACTER_SET_RESULTS=@@CHARACTER_SET_RESULTS */;
/*!40101 SET @OLD_COLLATION_CONNECTION=@@COLLATION_CONNECTION */;
/*!40101 SET NAMES utf8 */;

--
-- Base de datos: `vinoteca`
--

-- --------------------------------------------------------

--
-- Estructura de tabla para la tabla `categoria`
--

CREATE TABLE IF NOT EXISTS `categoria` (
`id` int(11) NOT NULL,
  `parent_id` int(11) DEFAULT NULL,
  `usuario_id` int(11) DEFAULT NULL,
  `nombre` varchar(70) COLLATE utf8_unicode_ci DEFAULT NULL,
  `slug` varchar(255) COLLATE utf8_unicode_ci DEFAULT NULL,
  `descripcion` longtext COLLATE utf8_unicode_ci,
  `orden` int(11) DEFAULT NULL,
  `level` int(11) DEFAULT NULL,
  `root` int(11) DEFAULT NULL,
  `activo` tinyint(1) DEFAULT NULL,
  `visible` tinyint(1) DEFAULT NULL,
  `imagen` varchar(100) COLLATE utf8_unicode_ci DEFAULT NULL,
  `updated_at` datetime NOT NULL
) ENGINE=InnoDB AUTO_INCREMENT=40 DEFAULT CHARSET=utf8 COLLATE=utf8_unicode_ci;

--
-- Volcado de datos para la tabla `categoria`
--

INSERT INTO `categoria` (`id`, `parent_id`, `usuario_id`, `nombre`, `slug`, `descripcion`, `orden`, `level`, `root`, `activo`, `visible`, `imagen`, `updated_at`) VALUES
(35, NULL, NULL, 'Vino', 'vino', 'El vino (del latín vinum) es una bebida obtenida de la uva (especie Vitis vinifera) mediante la fermentación alcohólica de su mosto o zumo.2 La fermentación se produce por la acción metabólica de levaduras que transforman los azúcares del fruto en alcohol etílico y gas en forma de dióxido de carbono. El azúcar y los ácidos que posee la fruta Vitis vinifera hace que sean suficientes para el desarrollo de la fermentación. No obstante, el vino es una suma de un conjunto de factores ambientales: clima, latitud, altitud, horas de luz y temperatura, entre varios otros.3 Aproximadamente un 66% de la recolección mundial de la uva se dedica a la producción vinícola; el resto es para su consumo como fruta.4 A pesar de ello el cultivo de la vid cubre tan sólo un 0,5% del suelo cultivable en el mundo.5 El cultivo de la vid se ha asociado a lugares con un clima mediterráneo.\r\n\r\nSe da el nombre de «vino» únicamente al líquido resultante de la fermentación alcohólica, total o parcial, del zumo de uvas, sin adición de ninguna sustancia. En muchas legislaciones se considera sólo como vino a la bebida fermentada obtenida de Vitis vinifera, pese a que se obtienen bebidas semejantes de otras especies como la Vitis labrusca, Vitis rupestris, etc. El conocimiento de la ciencia particular de la elaboración del vino se denomina enología (sin considerar los procesos de cultivo de la vid). La ciencia que trata tan sólo de la biología de la vid, así como de su cultivo, se denomina ampelología.2', 10, 0, 35, 1, 1, 'vino.png', '2015-02-13 20:12:49'),
(36, 35, NULL, 'Tintos', 'tintos', 'El vino tinto es un tipo de vino procedente mayormente de mostos de uvas tintas, con la elaboración pertinente para conseguir la difusión de la materia colorante que contienen los hollejos de la uva. En función del tiempo de envejecimiento que se realice en la barrica y en la botella, pueden obtenerse vinos jóvenes, crianzas, reservas o grandes reservas.', 20, 1, 35, 1, 1, 'tintos.jpg', '2015-02-13 21:49:14'),
(37, 35, NULL, 'Blancos', 'blancos', 'El vino blanco es un tipo de vino obtenido por la fermentación de mosto sin cascarillas ni semillas, elaborado a partir de variedades de uvas blancas (blanco de blancos) o de negros de pulpa blanca (blanco de negros).\r\n\r\nSi el mosto tiene más de 272 gramos de azúcar por litro, se obtendrá un vino dulce natural (con un mínimo de 8 grados). Si tiene menos de 5 y el dulce no se nota en el paladar, entonces se trata de un blanco seco.\r\n\r\nNo se debe utilizar nunca a menos de 8 grados, ya que si la temperatura fuera inferior, la copa se empaña fácilmente y no se pueden apreciar bien la transparencia y los matices del color.\r\n\r\nSe cultiva al menos desde los últimos 2500 años. Ha acompañado el desarrollo económico y colonizado todo el mundo cuyos habitantes son bebedores de vino: Europa, América, Oceanía, y en menor medida Asia y África por razones religiosas y climáticas', 30, 1, 35, 1, 1, 'blancos.png', '2015-02-13 20:26:28'),
(38, NULL, NULL, 'Champagne y Espumantes', 'champagne-y-espumantes', 'Los vinos espumosos, espumantes o de aguja son vinos con gas disuelto. El gas se consigue haciendo que haya una segunda fermentación dentro de la botella cerrada (o en algunos casos en depósitos cerrados de algunos hectolitros), el CO2 que se produce no puede escapar y se disuelve en el líquido. La segunda fermentación en botella se puede conseguir añadiendo azúcar, embotellando el vino antes de que haya terminado de fermentar o cerrando la cuba de fermentación antes de que termine esta.\r\n\r\nUn caso aparte son los vinos gasificados a los cuales se les añade artificialmente el gas a la manera de los refrescos gaseosos.\r\n\r\nSólo si siguen el método tradicional (también llamado método champenoise), se podría considerar champán o equivalente, y aun así sólo se permite el nombre de champán a los que tienen la denominación de origen en la región correspondiente de Francia. Los elaborados en España se llaman cavas, utilizando también el método tradicional para su elaboración. La primacía en vinos espumosos españoles corresponde a la localidad de San Sadurní de Noya, perteneciente a la comarca del Alto Penedés, en ella se iniciaron las elaboraciones y se las llevó a la más alta perfección de los métodos seguidos en la región francesa de la Champagne, y en ella se obtiene la mayor parte de la producción nacional. En proporciones menores (menos del 1%, en realidad) se preparan espumosos en Aragón, Castilla y León, Castilla-La Mancha, Extremadura, La Rioja, País Vasco, Región de Murcia, Navarra y recientemente en Andalucía', 40, 0, 38, 1, 1, 'champagne-y-espumantes.jpg', '2015-02-13 23:46:57'),
(39, NULL, NULL, 'Cervezas', 'cervezas', 'La cerveza (del celto-latín cerevisĭa1 ) es una bebida alcohólica, no destilada, de sabor amargo que se fabrica con granos de cebada germinados u otros cereales cuyo almidón es fermentado en agua con levadura (básicamente Saccharomyces cerevisiae o Saccharomyces pastorianus) y frecuentemente aromatizado con lúpulo, entre otras plantas.1 2\r\n\r\nDe ella se conocen múltiples variantes con una amplia gama de matices debidos a las diferentes formas de elaboración y a los ingredientes utilizados. Generalmente presenta un color ambarino con tonos que van del amarillo oro al negro pasando por los marrones rojizos. Se la considera «gaseosa» (contiene CO2 disuelto en saturación que se manifiesta en forma de burbujas a la presión ambiente) y suele estar coronada de una espuma más o menos persistente. Su aspecto puede ser cristalino o turbio. Su graduación alcohólica puede alcanzar hasta cerca de los 30 % vol., aunque principalmente se encuentra entre los 3 % y los 9 % vol.', 10, 0, 39, 1, 1, 'cervezas.jpg', '2015-02-13 23:56:32');

-- --------------------------------------------------------

--
-- Estructura de tabla para la tabla `configuracion`
--

CREATE TABLE IF NOT EXISTS `configuracion` (
`id` int(11) NOT NULL,
  `descuento_global` decimal(10,0) DEFAULT NULL,
  `productos_por_pagina` varchar(255) COLLATE utf8_unicode_ci DEFAULT NULL
) ENGINE=InnoDB AUTO_INCREMENT=2 DEFAULT CHARSET=utf8 COLLATE=utf8_unicode_ci;

--
-- Volcado de datos para la tabla `configuracion`
--

INSERT INTO `configuracion` (`id`, `descuento_global`, `productos_por_pagina`) VALUES
(1, '0', '4');

-- --------------------------------------------------------

--
-- Estructura de tabla para la tabla `contenido`
--

CREATE TABLE IF NOT EXISTS `contenido` (
`id` int(11) NOT NULL,
  `nombre` varchar(64) COLLATE utf8_unicode_ci DEFAULT NULL,
  `ubicacion` int(11) DEFAULT NULL,
  `orden` int(11) DEFAULT NULL,
  `tipo` int(11) DEFAULT NULL,
  `activo` tinyint(1) DEFAULT NULL
) ENGINE=InnoDB DEFAULT CHARSET=utf8 COLLATE=utf8_unicode_ci;

-- --------------------------------------------------------

--
-- Estructura de tabla para la tabla `contenidodetalle`
--

CREATE TABLE IF NOT EXISTS `contenidodetalle` (
`id` int(11) NOT NULL,
  `contenido_id` int(11) DEFAULT NULL,
  `orden` int(11) NOT NULL,
  `imagen` varchar(255) COLLATE utf8_unicode_ci NOT NULL,
  `link` varchar(255) COLLATE utf8_unicode_ci NOT NULL
) ENGINE=InnoDB DEFAULT CHARSET=utf8 COLLATE=utf8_unicode_ci;

-- --------------------------------------------------------

--
-- Estructura de tabla para la tabla `factura`
--

CREATE TABLE IF NOT EXISTS `factura` (
`id` int(11) NOT NULL,
  `referencia` varchar(15) COLLATE utf8_unicode_ci DEFAULT NULL,
  `contenidoHtml` varchar(16000) COLLATE utf8_unicode_ci DEFAULT NULL,
  `createdAt` datetime DEFAULT NULL,
  `updatedAt` datetime DEFAULT NULL
) ENGINE=InnoDB DEFAULT CHARSET=utf8 COLLATE=utf8_unicode_ci;

-- --------------------------------------------------------

--
-- Estructura de tabla para la tabla `fos_user`
--

CREATE TABLE IF NOT EXISTS `fos_user` (
`id` int(11) NOT NULL,
  `username` varchar(255) COLLATE utf8_unicode_ci NOT NULL,
  `username_canonical` varchar(255) COLLATE utf8_unicode_ci NOT NULL,
  `email` varchar(255) COLLATE utf8_unicode_ci NOT NULL,
  `email_canonical` varchar(255) COLLATE utf8_unicode_ci NOT NULL,
  `enabled` tinyint(1) NOT NULL,
  `salt` varchar(255) COLLATE utf8_unicode_ci NOT NULL,
  `password` varchar(255) COLLATE utf8_unicode_ci NOT NULL,
  `last_login` datetime DEFAULT NULL,
  `locked` tinyint(1) NOT NULL,
  `expired` tinyint(1) NOT NULL,
  `expires_at` datetime DEFAULT NULL,
  `confirmation_token` varchar(255) COLLATE utf8_unicode_ci DEFAULT NULL,
  `password_requested_at` datetime DEFAULT NULL,
  `roles` longtext COLLATE utf8_unicode_ci NOT NULL COMMENT '(DC2Type:array)',
  `credentials_expired` tinyint(1) NOT NULL,
  `credentials_expire_at` datetime DEFAULT NULL,
  `nombre` varchar(64) COLLATE utf8_unicode_ci DEFAULT NULL,
  `telefono` varchar(64) COLLATE utf8_unicode_ci DEFAULT NULL,
  `movil` varchar(64) COLLATE utf8_unicode_ci DEFAULT NULL,
  `foto` varchar(100) COLLATE utf8_unicode_ci DEFAULT NULL
) ENGINE=InnoDB DEFAULT CHARSET=utf8 COLLATE=utf8_unicode_ci;

-- --------------------------------------------------------

--
-- Estructura de tabla para la tabla `item`
--

CREATE TABLE IF NOT EXISTS `item` (
`id` int(11) NOT NULL,
  `orden_id` int(11) DEFAULT NULL,
  `cantidad` int(11) DEFAULT NULL,
  `nroLinea` int(11) DEFAULT NULL,
  `producto` int(11) DEFAULT NULL,
  `precioSinIva` decimal(10,0) DEFAULT NULL,
  `precioConIva` decimal(10,0) DEFAULT NULL,
  `createdAt` datetime DEFAULT NULL,
  `updatedAt` datetime DEFAULT NULL
) ENGINE=InnoDB DEFAULT CHARSET=utf8 COLLATE=utf8_unicode_ci;

-- --------------------------------------------------------

--
-- Estructura de tabla para la tabla `metadato_producto`
--

CREATE TABLE IF NOT EXISTS `metadato_producto` (
`id` int(11) NOT NULL,
  `categoria_id` int(11) DEFAULT NULL,
  `nombre` varchar(70) COLLATE utf8_unicode_ci DEFAULT NULL,
  `predeterminado` longtext COLLATE utf8_unicode_ci,
  `filtrable` int(11) DEFAULT NULL,
  `requerido` tinyint(1) DEFAULT NULL,
  `widget` int(11) DEFAULT NULL,
  `orden` int(11) DEFAULT NULL,
  `lista_valores` longtext COLLATE utf8_unicode_ci
) ENGINE=InnoDB AUTO_INCREMENT=69 DEFAULT CHARSET=utf8 COLLATE=utf8_unicode_ci;

--
-- Volcado de datos para la tabla `metadato_producto`
--

INSERT INTO `metadato_producto` (`id`, `categoria_id`, `nombre`, `predeterminado`, `filtrable`, `requerido`, `widget`, `orden`, `lista_valores`) VALUES
(61, 36, 'varietal', NULL, 1, 1, 1, 10, NULL),
(62, 36, 'cosecha', NULL, 2, 1, 1, 20, NULL),
(63, 36, 'Bodega', NULL, 2, 1, 1, 30, NULL),
(64, 36, 'volumen', NULL, 2, 1, 1, 40, NULL),
(65, 36, 'Pais Origen', NULL, 0, 1, 1, 50, NULL),
(66, 36, 'Region Origen', NULL, 2, 1, 1, 60, NULL),
(67, 36, 'Armonizacion', NULL, 0, 0, 1, 70, NULL),
(68, 36, 'Añejamiento', NULL, 0, 1, 1, 25, NULL);

-- --------------------------------------------------------

--
-- Estructura de tabla para la tabla `orden`
--

CREATE TABLE IF NOT EXISTS `orden` (
`id` int(11) NOT NULL,
  `factura_id` int(11) DEFAULT NULL,
  `estado` varchar(255) COLLATE utf8_unicode_ci DEFAULT NULL,
  `estadoFecha` datetime DEFAULT NULL,
  `importeSinIva` decimal(10,0) DEFAULT NULL,
  `importeConIva` decimal(10,0) DEFAULT NULL,
  `createdAt` datetime DEFAULT NULL,
  `upatedAt` datetime DEFAULT NULL
) ENGINE=InnoDB DEFAULT CHARSET=utf8 COLLATE=utf8_unicode_ci;

-- --------------------------------------------------------

--
-- Estructura de tabla para la tabla `parametro_localidad`
--

CREATE TABLE IF NOT EXISTS `parametro_localidad` (
`id` int(11) NOT NULL,
  `provincia_id` int(11) DEFAULT NULL,
  `nombre` varchar(150) COLLATE utf8_unicode_ci NOT NULL
) ENGINE=InnoDB AUTO_INCREMENT=2383 DEFAULT CHARSET=utf8 COLLATE=utf8_unicode_ci;

--
-- Volcado de datos para la tabla `parametro_localidad`
--

INSERT INTO `parametro_localidad` (`id`, `provincia_id`, `nombre`) VALUES
(1, 1, '25 de Mayo'),
(2, 1, '3 de febrero'),
(3, 1, 'A. Alsina'),
(4, 1, 'A. Gonzáles Cháves'),
(5, 1, 'Aguas Verdes'),
(6, 1, 'Alberti'),
(7, 1, 'Arrecifes'),
(8, 1, 'Ayacucho'),
(9, 1, 'Azul'),
(10, 1, 'Bahía Blanca'),
(11, 1, 'Balcarce'),
(12, 1, 'Baradero'),
(13, 1, 'Benito Juárez'),
(14, 1, 'Berisso'),
(15, 1, 'Bolívar'),
(16, 1, 'Bragado'),
(17, 1, 'Brandsen'),
(18, 1, 'Campana'),
(19, 1, 'Cañuelas'),
(20, 1, 'Capilla del Señor'),
(21, 1, 'Capitán Sarmiento'),
(22, 1, 'Carapachay'),
(23, 1, 'Carhue'),
(24, 1, 'Cariló'),
(25, 1, 'Carlos Casares'),
(26, 1, 'Carlos Tejedor'),
(27, 1, 'Carmen de Areco'),
(28, 1, 'Carmen de Patagones'),
(29, 1, 'Castelli'),
(30, 1, 'Chacabuco'),
(31, 1, 'Chascomús'),
(32, 1, 'Chivilcoy'),
(33, 1, 'Colón'),
(34, 1, 'Coronel Dorrego'),
(35, 1, 'Coronel Pringles'),
(36, 1, 'Coronel Rosales'),
(37, 1, 'Coronel Suarez'),
(38, 1, 'Costa Azul'),
(39, 1, 'Costa Chica'),
(40, 1, 'Costa del Este'),
(41, 1, 'Costa Esmeralda'),
(42, 1, 'Daireaux'),
(43, 1, 'Darregueira'),
(44, 1, 'Del Viso'),
(45, 1, 'Dolores'),
(46, 1, 'Don Torcuato'),
(47, 1, 'Ensenada'),
(48, 1, 'Escobar'),
(49, 1, 'Exaltación de la Cruz'),
(50, 1, 'Florentino Ameghino'),
(51, 1, 'Garín'),
(52, 1, 'Gral. Alvarado'),
(53, 1, 'Gral. Alvear'),
(54, 1, 'Gral. Arenales'),
(55, 1, 'Gral. Belgrano'),
(56, 1, 'Gral. Guido'),
(57, 1, 'Gral. Lamadrid'),
(58, 1, 'Gral. Las Heras'),
(59, 1, 'Gral. Lavalle'),
(60, 1, 'Gral. Madariaga'),
(61, 1, 'Gral. Pacheco'),
(62, 1, 'Gral. Paz'),
(63, 1, 'Gral. Pinto'),
(64, 1, 'Gral. Pueyrredón'),
(65, 1, 'Gral. Rodríguez'),
(66, 1, 'Gral. Viamonte'),
(67, 1, 'Gral. Villegas'),
(68, 1, 'Guaminí'),
(69, 1, 'Guernica'),
(70, 1, 'Hipólito Yrigoyen'),
(71, 1, 'Ing. Maschwitz'),
(72, 1, 'Junín'),
(73, 1, 'La Plata'),
(74, 1, 'Laprida'),
(75, 1, 'Las Flores'),
(76, 1, 'Las Toninas'),
(77, 1, 'Leandro N. Alem'),
(78, 1, 'Lincoln'),
(79, 1, 'Loberia'),
(80, 1, 'Lobos'),
(81, 1, 'Los Cardales'),
(82, 1, 'Los Toldos'),
(83, 1, 'Lucila del Mar'),
(84, 1, 'Luján'),
(85, 1, 'Magdalena'),
(86, 1, 'Maipú'),
(87, 1, 'Mar Chiquita'),
(88, 1, 'Mar de Ajó'),
(89, 1, 'Mar de las Pampas'),
(90, 1, 'Mar del Plata'),
(91, 1, 'Mar del Tuyú'),
(92, 1, 'Marcos Paz'),
(93, 1, 'Mercedes'),
(94, 1, 'Miramar'),
(95, 1, 'Monte'),
(96, 1, 'Monte Hermoso'),
(97, 1, 'Munro'),
(98, 1, 'Navarro'),
(99, 1, 'Necochea'),
(100, 1, 'Olavarría'),
(101, 1, 'Partido de la Costa'),
(102, 1, 'Pehuajó'),
(103, 1, 'Pellegrini'),
(104, 1, 'Pergamino'),
(105, 1, 'Pigüé'),
(106, 1, 'Pila'),
(107, 1, 'Pilar'),
(108, 1, 'Pinamar'),
(109, 1, 'Pinar del Sol'),
(110, 1, 'Polvorines'),
(111, 1, 'Pte. Perón'),
(112, 1, 'Puán'),
(113, 1, 'Punta Indio'),
(114, 1, 'Ramallo'),
(115, 1, 'Rauch'),
(116, 1, 'Rivadavia'),
(117, 1, 'Rojas'),
(118, 1, 'Roque Pérez'),
(119, 1, 'Saavedra'),
(120, 1, 'Saladillo'),
(121, 1, 'Salliqueló'),
(122, 1, 'Salto'),
(123, 1, 'San Andrés de Giles'),
(124, 1, 'San Antonio de Areco'),
(125, 1, 'San Antonio de Padua'),
(126, 1, 'San Bernardo'),
(127, 1, 'San Cayetano'),
(128, 1, 'San Clemente del Tuyú'),
(129, 1, 'San Nicolás'),
(130, 1, 'San Pedro'),
(131, 1, 'San Vicente'),
(132, 1, 'Santa Teresita'),
(133, 1, 'Suipacha'),
(134, 1, 'Tandil'),
(135, 1, 'Tapalqué'),
(136, 1, 'Tordillo'),
(137, 1, 'Tornquist'),
(138, 1, 'Trenque Lauquen'),
(139, 1, 'Tres Lomas'),
(140, 1, 'Villa Gesell'),
(141, 1, 'Villarino'),
(142, 1, 'Zárate'),
(143, 2, '11 de Septiembre'),
(144, 2, '20 de Junio'),
(145, 2, '25 de Mayo'),
(146, 2, 'Acassuso'),
(147, 2, 'Adrogué'),
(148, 2, 'Aldo Bonzi'),
(149, 2, 'Área Reserva Cinturón Ecológico'),
(150, 2, 'Avellaneda'),
(151, 2, 'Banfield'),
(152, 2, 'Barrio Parque'),
(153, 2, 'Barrio Santa Teresita'),
(154, 2, 'Beccar'),
(155, 2, 'Bella Vista'),
(156, 2, 'Berazategui'),
(157, 2, 'Bernal Este'),
(158, 2, 'Bernal Oeste'),
(159, 2, 'Billinghurst'),
(160, 2, 'Boulogne'),
(161, 2, 'Burzaco'),
(162, 2, 'Carapachay'),
(163, 2, 'Caseros'),
(164, 2, 'Castelar'),
(165, 2, 'Churruca'),
(166, 2, 'Ciudad Evita'),
(167, 2, 'Ciudad Madero'),
(168, 2, 'Ciudadela'),
(169, 2, 'Claypole'),
(170, 2, 'Crucecita'),
(171, 2, 'Dock Sud'),
(172, 2, 'Don Bosco'),
(173, 2, 'Don Orione'),
(174, 2, 'El Jagüel'),
(175, 2, 'El Libertador'),
(176, 2, 'El Palomar'),
(177, 2, 'El Tala'),
(178, 2, 'El Trébol'),
(179, 2, 'Ezeiza'),
(180, 2, 'Ezpeleta'),
(181, 2, 'Florencio Varela'),
(182, 2, 'Florida'),
(183, 2, 'Francisco Álvarez'),
(184, 2, 'Gerli'),
(185, 2, 'Glew'),
(186, 2, 'González Catán'),
(187, 2, 'Gral. Lamadrid'),
(188, 2, 'Grand Bourg'),
(189, 2, 'Gregorio de Laferrere'),
(190, 2, 'Guillermo Enrique Hudson'),
(191, 2, 'Haedo'),
(192, 2, 'Hurlingham'),
(193, 2, 'Ing. Sourdeaux'),
(194, 2, 'Isidro Casanova'),
(195, 2, 'Ituzaingó'),
(196, 2, 'José C. Paz'),
(197, 2, 'José Ingenieros'),
(198, 2, 'José Marmol'),
(199, 2, 'La Lucila'),
(200, 2, 'La Reja'),
(201, 2, 'La Tablada'),
(202, 2, 'Lanús'),
(203, 2, 'Llavallol'),
(204, 2, 'Loma Hermosa'),
(205, 2, 'Lomas de Zamora'),
(206, 2, 'Lomas del Millón'),
(207, 2, 'Lomas del Mirador'),
(208, 2, 'Longchamps'),
(209, 2, 'Los Polvorines'),
(210, 2, 'Luis Guillón'),
(211, 2, 'Malvinas Argentinas'),
(212, 2, 'Martín Coronado'),
(213, 2, 'Martínez'),
(214, 2, 'Merlo'),
(215, 2, 'Ministro Rivadavia'),
(216, 2, 'Monte Chingolo'),
(217, 2, 'Monte Grande'),
(218, 2, 'Moreno'),
(219, 2, 'Morón'),
(220, 2, 'Muñiz'),
(221, 2, 'Olivos'),
(222, 2, 'Pablo Nogués'),
(223, 2, 'Pablo Podestá'),
(224, 2, 'Paso del Rey'),
(225, 2, 'Pereyra'),
(226, 2, 'Piñeiro'),
(227, 2, 'Plátanos'),
(228, 2, 'Pontevedra'),
(229, 2, 'Quilmes'),
(230, 2, 'Rafael Calzada'),
(231, 2, 'Rafael Castillo'),
(232, 2, 'Ramos Mejía'),
(233, 2, 'Ranelagh'),
(234, 2, 'Remedios de Escalada'),
(235, 2, 'Sáenz Peña'),
(236, 2, 'San Antonio de Padua'),
(237, 2, 'San Fernando'),
(238, 2, 'San Francisco Solano'),
(239, 2, 'San Isidro'),
(240, 2, 'San José'),
(241, 2, 'San Justo'),
(242, 2, 'San Martín'),
(243, 2, 'San Miguel'),
(244, 2, 'Santos Lugares'),
(245, 2, 'Sarandí'),
(246, 2, 'Sourigues'),
(247, 2, 'Tapiales'),
(248, 2, 'Temperley'),
(249, 2, 'Tigre'),
(250, 2, 'Tortuguitas'),
(251, 2, 'Tristán Suárez'),
(252, 2, 'Trujui'),
(253, 2, 'Turdera'),
(254, 2, 'Valentín Alsina'),
(255, 2, 'Vicente López'),
(256, 2, 'Villa Adelina'),
(257, 2, 'Villa Ballester'),
(258, 2, 'Villa Bosch'),
(259, 2, 'Villa Caraza'),
(260, 2, 'Villa Celina'),
(261, 2, 'Villa Centenario'),
(262, 2, 'Villa de Mayo'),
(263, 2, 'Villa Diamante'),
(264, 2, 'Villa Domínico'),
(265, 2, 'Villa España'),
(266, 2, 'Villa Fiorito'),
(267, 2, 'Villa Guillermina'),
(268, 2, 'Villa Insuperable'),
(269, 2, 'Villa José León Suárez'),
(270, 2, 'Villa La Florida'),
(271, 2, 'Villa Luzuriaga'),
(272, 2, 'Villa Martelli'),
(273, 2, 'Villa Obrera'),
(274, 2, 'Villa Progreso'),
(275, 2, 'Villa Raffo'),
(276, 2, 'Villa Sarmiento'),
(277, 2, 'Villa Tesei'),
(278, 2, 'Villa Udaondo'),
(279, 2, 'Virrey del Pino'),
(280, 2, 'Wilde'),
(281, 2, 'William Morris'),
(282, 3, 'Agronomía'),
(283, 3, 'Almagro'),
(284, 3, 'Balvanera'),
(285, 3, 'Barracas'),
(286, 3, 'Belgrano'),
(287, 3, 'Boca'),
(288, 3, 'Boedo'),
(289, 3, 'Caballito'),
(290, 3, 'Chacarita'),
(291, 3, 'Coghlan'),
(292, 3, 'Colegiales'),
(293, 3, 'Constitución'),
(294, 3, 'Flores'),
(295, 3, 'Floresta'),
(296, 3, 'La Paternal'),
(297, 3, 'Liniers'),
(298, 3, 'Mataderos'),
(299, 3, 'Monserrat'),
(300, 3, 'Monte Castro'),
(301, 3, 'Nueva Pompeya'),
(302, 3, 'Núñez'),
(303, 3, 'Palermo'),
(304, 3, 'Parque Avellaneda'),
(305, 3, 'Parque Chacabuco'),
(306, 3, 'Parque Chas'),
(307, 3, 'Parque Patricios'),
(308, 3, 'Puerto Madero'),
(309, 3, 'Recoleta'),
(310, 3, 'Retiro'),
(311, 3, 'Saavedra'),
(312, 3, 'San Cristóbal'),
(313, 3, 'San Nicolás'),
(314, 3, 'San Telmo'),
(315, 3, 'Vélez Sársfield'),
(316, 3, 'Versalles'),
(317, 3, 'Villa Crespo'),
(318, 3, 'Villa del Parque'),
(319, 3, 'Villa Devoto'),
(320, 3, 'Villa Gral. Mitre'),
(321, 3, 'Villa Lugano'),
(322, 3, 'Villa Luro'),
(323, 3, 'Villa Ortúzar'),
(324, 3, 'Villa Pueyrredón'),
(325, 3, 'Villa Real'),
(326, 3, 'Villa Riachuelo'),
(327, 3, 'Villa Santa Rita'),
(328, 3, 'Villa Soldati'),
(329, 3, 'Villa Urquiza'),
(330, 4, 'Aconquija'),
(331, 4, 'Ancasti'),
(332, 4, 'Andalgalá'),
(333, 4, 'Antofagasta'),
(334, 4, 'Belén'),
(335, 4, 'Capayán'),
(336, 4, 'Capital'),
(337, 4, '4'),
(338, 4, 'Corral Quemado'),
(339, 4, 'El Alto'),
(340, 4, 'El Rodeo'),
(341, 4, 'F.Mamerto Esquiú'),
(342, 4, 'Fiambalá'),
(343, 4, 'Hualfín'),
(344, 4, 'Huillapima'),
(345, 4, 'Icaño'),
(346, 4, 'La Puerta'),
(347, 4, 'Las Juntas'),
(348, 4, 'Londres'),
(349, 4, 'Los Altos'),
(350, 4, 'Los Varela'),
(351, 4, 'Mutquín'),
(352, 4, 'Paclín'),
(353, 4, 'Poman'),
(354, 4, 'Pozo de La Piedra'),
(355, 4, 'Puerta de Corral'),
(356, 4, 'Puerta San José'),
(357, 4, 'Recreo'),
(358, 4, 'S.F.V de 4'),
(359, 4, 'San Fernando'),
(360, 4, 'San Fernando del Valle'),
(361, 4, 'San José'),
(362, 4, 'Santa María'),
(363, 4, 'Santa Rosa'),
(364, 4, 'Saujil'),
(365, 4, 'Tapso'),
(366, 4, 'Tinogasta'),
(367, 4, 'Valle Viejo'),
(368, 4, 'Villa Vil'),
(369, 5, 'Aviá Teraí'),
(370, 5, 'Barranqueras'),
(371, 5, 'Basail'),
(372, 5, 'Campo Largo'),
(373, 5, 'Capital'),
(374, 5, 'Capitán Solari'),
(375, 5, 'Charadai'),
(376, 5, 'Charata'),
(377, 5, 'Chorotis'),
(378, 5, 'Ciervo Petiso'),
(379, 5, 'Cnel. Du Graty'),
(380, 5, 'Col. Benítez'),
(381, 5, 'Col. Elisa'),
(382, 5, 'Col. Popular'),
(383, 5, 'Colonias Unidas'),
(384, 5, 'Concepción'),
(385, 5, 'Corzuela'),
(386, 5, 'Cote Lai'),
(387, 5, 'El Sauzalito'),
(388, 5, 'Enrique Urien'),
(389, 5, 'Fontana'),
(390, 5, 'Fte. Esperanza'),
(391, 5, 'Gancedo'),
(392, 5, 'Gral. Capdevila'),
(393, 5, 'Gral. Pinero'),
(394, 5, 'Gral. San Martín'),
(395, 5, 'Gral. Vedia'),
(396, 5, 'Hermoso Campo'),
(397, 5, 'I. del Cerrito'),
(398, 5, 'J.J. Castelli'),
(399, 5, 'La Clotilde'),
(400, 5, 'La Eduvigis'),
(401, 5, 'La Escondida'),
(402, 5, 'La Leonesa'),
(403, 5, 'La Tigra'),
(404, 5, 'La Verde'),
(405, 5, 'Laguna Blanca'),
(406, 5, 'Laguna Limpia'),
(407, 5, 'Lapachito'),
(408, 5, 'Las Breñas'),
(409, 5, 'Las Garcitas'),
(410, 5, 'Las Palmas'),
(411, 5, 'Los Frentones'),
(412, 5, 'Machagai'),
(413, 5, 'Makallé'),
(414, 5, 'Margarita Belén'),
(415, 5, 'Miraflores'),
(416, 5, 'Misión N. Pompeya'),
(417, 5, 'Napenay'),
(418, 5, 'Pampa Almirón'),
(419, 5, 'Pampa del Indio'),
(420, 5, 'Pampa del Infierno'),
(421, 5, 'Pdcia. de La Plaza'),
(422, 5, 'Pdcia. Roca'),
(423, 5, 'Pdcia. Roque Sáenz Peña'),
(424, 5, 'Pto. Bermejo'),
(425, 5, 'Pto. Eva Perón'),
(426, 5, 'Puero Tirol'),
(427, 5, 'Puerto Vilelas'),
(428, 5, 'Quitilipi'),
(429, 5, 'Resistencia'),
(430, 5, 'Sáenz Peña'),
(431, 5, 'Samuhú'),
(432, 5, 'San Bernardo'),
(433, 5, 'Santa Sylvina'),
(434, 5, 'Taco Pozo'),
(435, 5, 'Tres Isletas'),
(436, 5, 'Villa Ángela'),
(437, 5, 'Villa Berthet'),
(438, 5, 'Villa R. Bermejito'),
(439, 6, 'Aldea Apeleg'),
(440, 6, 'Aldea Beleiro'),
(441, 6, 'Aldea Epulef'),
(442, 6, 'Alto Río Sengerr'),
(443, 6, 'Buen Pasto'),
(444, 6, 'Camarones'),
(445, 6, 'Carrenleufú'),
(446, 6, 'Cholila'),
(447, 6, 'Co. Centinela'),
(448, 6, 'Colan Conhué'),
(449, 6, 'Comodoro Rivadavia'),
(450, 6, 'Corcovado'),
(451, 6, 'Cushamen'),
(452, 6, 'Dique F. Ameghino'),
(453, 6, 'Dolavón'),
(454, 6, 'Dr. R. Rojas'),
(455, 6, 'El Hoyo'),
(456, 6, 'El Maitén'),
(457, 6, 'Epuyén'),
(458, 6, 'Esquel'),
(459, 6, 'Facundo'),
(460, 6, 'Gaimán'),
(461, 6, 'Gan Gan'),
(462, 6, 'Gastre'),
(463, 6, 'Gdor. Costa'),
(464, 6, 'Gualjaina'),
(465, 6, 'J. de San Martín'),
(466, 6, 'Lago Blanco'),
(467, 6, 'Lago Puelo'),
(468, 6, 'Lagunita Salada'),
(469, 6, 'Las Plumas'),
(470, 6, 'Los Altares'),
(471, 6, 'Paso de los Indios'),
(472, 6, 'Paso del Sapo'),
(473, 6, 'Pto. Madryn'),
(474, 6, 'Pto. Pirámides'),
(475, 6, 'Rada Tilly'),
(476, 6, 'Rawson'),
(477, 6, 'Río Mayo'),
(478, 6, 'Río Pico'),
(479, 6, 'Sarmiento'),
(480, 6, 'Tecka'),
(481, 6, 'Telsen'),
(482, 6, 'Trelew'),
(483, 6, 'Trevelin'),
(484, 6, 'Veintiocho de Julio'),
(485, 7, 'Achiras'),
(486, 7, 'Adelia Maria'),
(487, 7, 'Agua de Oro'),
(488, 7, 'Alcira Gigena'),
(489, 7, 'Aldea Santa Maria'),
(490, 7, 'Alejandro Roca'),
(491, 7, 'Alejo Ledesma'),
(492, 7, 'Alicia'),
(493, 7, 'Almafuerte'),
(494, 7, 'Alpa Corral'),
(495, 7, 'Alta Gracia'),
(496, 7, 'Alto Alegre'),
(497, 7, 'Alto de Los Quebrachos'),
(498, 7, 'Altos de Chipion'),
(499, 7, 'Amboy'),
(500, 7, 'Ambul'),
(501, 7, 'Ana Zumaran'),
(502, 7, 'Anisacate'),
(503, 7, 'Arguello'),
(504, 7, 'Arias'),
(505, 7, 'Arroyito'),
(506, 7, 'Arroyo Algodon'),
(507, 7, 'Arroyo Cabral'),
(508, 7, 'Arroyo Los Patos'),
(509, 7, 'Assunta'),
(510, 7, 'Atahona'),
(511, 7, 'Ausonia'),
(512, 7, 'Avellaneda'),
(513, 7, 'Ballesteros'),
(514, 7, 'Ballesteros Sud'),
(515, 7, 'Balnearia'),
(516, 7, 'Bañado de Soto'),
(517, 7, 'Bell Ville'),
(518, 7, 'Bengolea'),
(519, 7, 'Benjamin Gould'),
(520, 7, 'Berrotaran'),
(521, 7, 'Bialet Masse'),
(522, 7, 'Bouwer'),
(523, 7, 'Brinkmann'),
(524, 7, 'Buchardo'),
(525, 7, 'Bulnes'),
(526, 7, 'Cabalango'),
(527, 7, 'Calamuchita'),
(528, 7, 'Calchin'),
(529, 7, 'Calchin Oeste'),
(530, 7, 'Calmayo'),
(531, 7, 'Camilo Aldao'),
(532, 7, 'Caminiaga'),
(533, 7, 'Cañada de Luque'),
(534, 7, 'Cañada de Machado'),
(535, 7, 'Cañada de Rio Pinto'),
(536, 7, 'Cañada del Sauce'),
(537, 7, 'Canals'),
(538, 7, 'Candelaria Sud'),
(539, 7, 'Capilla de Remedios'),
(540, 7, 'Capilla de Siton'),
(541, 7, 'Capilla del Carmen'),
(542, 7, 'Capilla del Monte'),
(543, 7, 'Capital'),
(544, 7, 'Capitan Gral B. O´Higgins'),
(545, 7, 'Carnerillo'),
(546, 7, 'Carrilobo'),
(547, 7, 'Casa Grande'),
(548, 7, 'Cavanagh'),
(549, 7, 'Cerro Colorado'),
(550, 7, 'Chaján'),
(551, 7, 'Chalacea'),
(552, 7, 'Chañar Viejo'),
(553, 7, 'Chancaní'),
(554, 7, 'Charbonier'),
(555, 7, 'Charras'),
(556, 7, 'Chazón'),
(557, 7, 'Chilibroste'),
(558, 7, 'Chucul'),
(559, 7, 'Chuña'),
(560, 7, 'Chuña Huasi'),
(561, 7, 'Churqui Cañada'),
(562, 7, 'Cienaga Del Coro'),
(563, 7, 'Cintra'),
(564, 7, 'Col. Almada'),
(565, 7, 'Col. Anita'),
(566, 7, 'Col. Barge'),
(567, 7, 'Col. Bismark'),
(568, 7, 'Col. Bremen'),
(569, 7, 'Col. Caroya'),
(570, 7, 'Col. Italiana'),
(571, 7, 'Col. Iturraspe'),
(572, 7, 'Col. Las Cuatro Esquinas'),
(573, 7, 'Col. Las Pichanas'),
(574, 7, 'Col. Marina'),
(575, 7, 'Col. Prosperidad'),
(576, 7, 'Col. San Bartolome'),
(577, 7, 'Col. San Pedro'),
(578, 7, 'Col. Tirolesa'),
(579, 7, 'Col. Vicente Aguero'),
(580, 7, 'Col. Videla'),
(581, 7, 'Col. Vignaud'),
(582, 7, 'Col. Waltelina'),
(583, 7, 'Colazo'),
(584, 7, 'Comechingones'),
(585, 7, 'Conlara'),
(586, 7, 'Copacabana'),
(587, 7, '7'),
(588, 7, 'Coronel Baigorria'),
(589, 7, 'Coronel Moldes'),
(590, 7, 'Corral de Bustos'),
(591, 7, 'Corralito'),
(592, 7, 'Cosquín'),
(593, 7, 'Costa Sacate'),
(594, 7, 'Cruz Alta'),
(595, 7, 'Cruz de Caña'),
(596, 7, 'Cruz del Eje'),
(597, 7, 'Cuesta Blanca'),
(598, 7, 'Dean Funes'),
(599, 7, 'Del Campillo'),
(600, 7, 'Despeñaderos'),
(601, 7, 'Devoto'),
(602, 7, 'Diego de Rojas'),
(603, 7, 'Dique Chico'),
(604, 7, 'El Arañado'),
(605, 7, 'El Brete'),
(606, 7, 'El Chacho'),
(607, 7, 'El Crispín'),
(608, 7, 'El Fortín'),
(609, 7, 'El Manzano'),
(610, 7, 'El Rastreador'),
(611, 7, 'El Rodeo'),
(612, 7, 'El Tío'),
(613, 7, 'Elena'),
(614, 7, 'Embalse'),
(615, 7, 'Esquina'),
(616, 7, 'Estación Gral. Paz'),
(617, 7, 'Estación Juárez Celman'),
(618, 7, 'Estancia de Guadalupe'),
(619, 7, 'Estancia Vieja'),
(620, 7, 'Etruria'),
(621, 7, 'Eufrasio Loza'),
(622, 7, 'Falda del Carmen'),
(623, 7, 'Freyre'),
(624, 7, 'Gral. Baldissera'),
(625, 7, 'Gral. Cabrera'),
(626, 7, 'Gral. Deheza'),
(627, 7, 'Gral. Fotheringham'),
(628, 7, 'Gral. Levalle'),
(629, 7, 'Gral. Roca'),
(630, 7, 'Guanaco Muerto'),
(631, 7, 'Guasapampa'),
(632, 7, 'Guatimozin'),
(633, 7, 'Gutenberg'),
(634, 7, 'Hernando'),
(635, 7, 'Huanchillas'),
(636, 7, 'Huerta Grande'),
(637, 7, 'Huinca Renanco'),
(638, 7, 'Idiazabal'),
(639, 7, 'Impira'),
(640, 7, 'Inriville'),
(641, 7, 'Isla Verde'),
(642, 7, 'Italó'),
(643, 7, 'James Craik'),
(644, 7, 'Jesús María'),
(645, 7, 'Jovita'),
(646, 7, 'Justiniano Posse'),
(647, 7, 'Km 658'),
(648, 7, 'L. V. Mansilla'),
(649, 7, 'La Batea'),
(650, 7, 'La Calera'),
(651, 7, 'La Carlota'),
(652, 7, 'La Carolina'),
(653, 7, 'La Cautiva'),
(654, 7, 'La Cesira'),
(655, 7, 'La Cruz'),
(656, 7, 'La Cumbre'),
(657, 7, 'La Cumbrecita'),
(658, 7, 'La Falda'),
(659, 7, 'La Francia'),
(660, 7, 'La Granja'),
(661, 7, 'La Higuera'),
(662, 7, 'La Laguna'),
(663, 7, 'La Paisanita'),
(664, 7, 'La Palestina'),
(665, 7, '12'),
(666, 7, 'La Paquita'),
(667, 7, 'La Para'),
(668, 7, 'La Paz'),
(669, 7, 'La Playa'),
(670, 7, 'La Playosa'),
(671, 7, 'La Población'),
(672, 7, 'La Posta'),
(673, 7, 'La Puerta'),
(674, 7, 'La Quinta'),
(675, 7, 'La Rancherita'),
(676, 7, 'La Rinconada'),
(677, 7, 'La Serranita'),
(678, 7, 'La Tordilla'),
(679, 7, 'Laborde'),
(680, 7, 'Laboulaye'),
(681, 7, 'Laguna Larga'),
(682, 7, 'Las Acequias'),
(683, 7, 'Las Albahacas'),
(684, 7, 'Las Arrias'),
(685, 7, 'Las Bajadas'),
(686, 7, 'Las Caleras'),
(687, 7, 'Las Calles'),
(688, 7, 'Las Cañadas'),
(689, 7, 'Las Gramillas'),
(690, 7, 'Las Higueras'),
(691, 7, 'Las Isletillas'),
(692, 7, 'Las Junturas'),
(693, 7, 'Las Palmas'),
(694, 7, 'Las Peñas'),
(695, 7, 'Las Peñas Sud'),
(696, 7, 'Las Perdices'),
(697, 7, 'Las Playas'),
(698, 7, 'Las Rabonas'),
(699, 7, 'Las Saladas'),
(700, 7, 'Las Tapias'),
(701, 7, 'Las Varas'),
(702, 7, 'Las Varillas'),
(703, 7, 'Las Vertientes'),
(704, 7, 'Leguizamón'),
(705, 7, 'Leones'),
(706, 7, 'Los Cedros'),
(707, 7, 'Los Cerrillos'),
(708, 7, 'Los Chañaritos (C.E)'),
(709, 7, 'Los Chanaritos (R.S)'),
(710, 7, 'Los Cisnes'),
(711, 7, 'Los Cocos'),
(712, 7, 'Los Cóndores'),
(713, 7, 'Los Hornillos'),
(714, 7, 'Los Hoyos'),
(715, 7, 'Los Mistoles'),
(716, 7, 'Los Molinos'),
(717, 7, 'Los Pozos'),
(718, 7, 'Los Reartes'),
(719, 7, 'Los Surgentes'),
(720, 7, 'Los Talares'),
(721, 7, 'Los Zorros'),
(722, 7, 'Lozada'),
(723, 7, 'Luca'),
(724, 7, 'Luque'),
(725, 7, 'Luyaba'),
(726, 7, 'Malagueño'),
(727, 7, 'Malena'),
(728, 7, 'Malvinas Argentinas'),
(729, 7, 'Manfredi'),
(730, 7, 'Maquinista Gallini'),
(731, 7, 'Marcos Juárez'),
(732, 7, 'Marull'),
(733, 7, 'Matorrales'),
(734, 7, 'Mattaldi'),
(735, 7, 'Mayu Sumaj'),
(736, 7, 'Media Naranja'),
(737, 7, 'Melo'),
(738, 7, 'Mendiolaza'),
(739, 7, 'Mi Granja'),
(740, 7, 'Mina Clavero'),
(741, 7, 'Miramar'),
(742, 7, 'Morrison'),
(743, 7, 'Morteros'),
(744, 7, 'Mte. Buey'),
(745, 7, 'Mte. Cristo'),
(746, 7, 'Mte. De Los Gauchos'),
(747, 7, 'Mte. Leña'),
(748, 7, 'Mte. Maíz'),
(749, 7, 'Mte. Ralo'),
(750, 7, 'Nicolás Bruzone'),
(751, 7, 'Noetinger'),
(752, 7, 'Nono'),
(753, 7, 'Nueva 7'),
(754, 7, 'Obispo Trejo'),
(755, 7, 'Olaeta'),
(756, 7, 'Oliva'),
(757, 7, 'Olivares San Nicolás'),
(758, 7, 'Onagolty'),
(759, 7, 'Oncativo'),
(760, 7, 'Ordoñez'),
(761, 7, 'Pacheco De Melo'),
(762, 7, 'Pampayasta N.'),
(763, 7, 'Pampayasta S.'),
(764, 7, 'Panaholma'),
(765, 7, 'Pascanas'),
(766, 7, 'Pasco'),
(767, 7, 'Paso del Durazno'),
(768, 7, 'Paso Viejo'),
(769, 7, 'Pilar'),
(770, 7, 'Pincén'),
(771, 7, 'Piquillín'),
(772, 7, 'Plaza de Mercedes'),
(773, 7, 'Plaza Luxardo'),
(774, 7, 'Porteña'),
(775, 7, 'Potrero de Garay'),
(776, 7, 'Pozo del Molle'),
(777, 7, 'Pozo Nuevo'),
(778, 7, 'Pueblo Italiano'),
(779, 7, 'Puesto de Castro'),
(780, 7, 'Punta del Agua'),
(781, 7, 'Quebracho Herrado'),
(782, 7, 'Quilino'),
(783, 7, 'Rafael García'),
(784, 7, 'Ranqueles'),
(785, 7, 'Rayo Cortado'),
(786, 7, 'Reducción'),
(787, 7, 'Rincón'),
(788, 7, 'Río Bamba'),
(789, 7, 'Río Ceballos'),
(790, 7, 'Río Cuarto'),
(791, 7, 'Río de Los Sauces'),
(792, 7, 'Río Primero'),
(793, 7, 'Río Segundo'),
(794, 7, 'Río Tercero'),
(795, 7, 'Rosales'),
(796, 7, 'Rosario del Saladillo'),
(797, 7, 'Sacanta'),
(798, 7, 'Sagrada Familia'),
(799, 7, 'Saira'),
(800, 7, 'Saladillo'),
(801, 7, 'Saldán'),
(802, 7, 'Salsacate'),
(803, 7, 'Salsipuedes'),
(804, 7, 'Sampacho'),
(805, 7, 'San Agustín'),
(806, 7, 'San Antonio de Arredondo'),
(807, 7, 'San Antonio de Litín'),
(808, 7, 'San Basilio'),
(809, 7, 'San Carlos Minas'),
(810, 7, 'San Clemente'),
(811, 7, 'San Esteban'),
(812, 7, 'San Francisco'),
(813, 7, 'San Ignacio'),
(814, 7, 'San Javier'),
(815, 7, 'San Jerónimo'),
(816, 7, 'San Joaquín'),
(817, 7, 'San José de La Dormida'),
(818, 7, 'San José de Las Salinas'),
(819, 7, 'San Lorenzo'),
(820, 7, 'San Marcos Sierras'),
(821, 7, 'San Marcos Sud'),
(822, 7, 'San Pedro'),
(823, 7, 'San Pedro N.'),
(824, 7, 'San Roque'),
(825, 7, 'San Vicente'),
(826, 7, 'Santa Catalina'),
(827, 7, 'Santa Elena'),
(828, 7, 'Santa Eufemia'),
(829, 7, 'Santa Maria'),
(830, 7, 'Sarmiento'),
(831, 7, 'Saturnino M.Laspiur'),
(832, 7, 'Sauce Arriba'),
(833, 7, 'Sebastián Elcano'),
(834, 7, 'Seeber'),
(835, 7, 'Segunda Usina'),
(836, 7, 'Serrano'),
(837, 7, 'Serrezuela'),
(838, 7, 'Sgo. Temple'),
(839, 7, 'Silvio Pellico'),
(840, 7, 'Simbolar'),
(841, 7, 'Sinsacate'),
(842, 7, 'Sta. Rosa de Calamuchita'),
(843, 7, 'Sta. Rosa de Río Primero'),
(844, 7, 'Suco'),
(845, 7, 'Tala Cañada'),
(846, 7, 'Tala Huasi'),
(847, 7, 'Talaini'),
(848, 7, 'Tancacha'),
(849, 7, 'Tanti'),
(850, 7, 'Ticino'),
(851, 7, 'Tinoco'),
(852, 7, 'Tío Pujio'),
(853, 7, 'Toledo'),
(854, 7, 'Toro Pujio'),
(855, 7, 'Tosno'),
(856, 7, 'Tosquita'),
(857, 7, 'Tránsito'),
(858, 7, 'Tuclame'),
(859, 7, 'Tutti'),
(860, 7, 'Ucacha'),
(861, 7, 'Unquillo'),
(862, 7, 'Valle de Anisacate'),
(863, 7, 'Valle Hermoso'),
(864, 7, 'Vélez Sarfield'),
(865, 7, 'Viamonte'),
(866, 7, 'Vicuña Mackenna'),
(867, 7, 'Villa Allende'),
(868, 7, 'Villa Amancay'),
(869, 7, 'Villa Ascasubi'),
(870, 7, 'Villa Candelaria N.'),
(871, 7, 'Villa Carlos Paz'),
(872, 7, 'Villa Cerro Azul'),
(873, 7, 'Villa Ciudad de América'),
(874, 7, 'Villa Ciudad Pque Los Reartes'),
(875, 7, 'Villa Concepción del Tío'),
(876, 7, 'Villa Cura Brochero'),
(877, 7, 'Villa de Las Rosas'),
(878, 7, 'Villa de María'),
(879, 7, 'Villa de Pocho'),
(880, 7, 'Villa de Soto'),
(881, 7, 'Villa del Dique'),
(882, 7, 'Villa del Prado'),
(883, 7, 'Villa del Rosario'),
(884, 7, 'Villa del Totoral'),
(885, 7, 'Villa Dolores'),
(886, 7, 'Villa El Chancay'),
(887, 7, 'Villa Elisa'),
(888, 7, 'Villa Flor Serrana'),
(889, 7, 'Villa Fontana'),
(890, 7, 'Villa Giardino'),
(891, 7, 'Villa Gral. Belgrano'),
(892, 7, 'Villa Gutierrez'),
(893, 7, 'Villa Huidobro'),
(894, 7, 'Villa La Bolsa'),
(895, 7, 'Villa Los Aromos'),
(896, 7, 'Villa Los Patos'),
(897, 7, 'Villa María'),
(898, 7, 'Villa Nueva'),
(899, 7, 'Villa Pque. Santa Ana'),
(900, 7, 'Villa Pque. Siquiman'),
(901, 7, 'Villa Quillinzo'),
(902, 7, 'Villa Rossi'),
(903, 7, 'Villa Rumipal'),
(904, 7, 'Villa San Esteban'),
(905, 7, 'Villa San Isidro'),
(906, 7, 'Villa 21'),
(907, 7, 'Villa Sarmiento (G.R)'),
(908, 7, 'Villa Sarmiento (S.A)'),
(909, 7, 'Villa Tulumba'),
(910, 7, 'Villa Valeria'),
(911, 7, 'Villa Yacanto'),
(912, 7, 'Washington'),
(913, 7, 'Wenceslao Escalante'),
(914, 7, 'Ycho Cruz Sierras'),
(915, 8, 'Alvear'),
(916, 8, 'Bella Vista'),
(917, 8, 'Berón de Astrada'),
(918, 8, 'Bonpland'),
(919, 8, 'Caá Cati'),
(920, 8, 'Capital'),
(921, 8, 'Chavarría'),
(922, 8, 'Col. C. Pellegrini'),
(923, 8, 'Col. Libertad'),
(924, 8, 'Col. Liebig'),
(925, 8, 'Col. Sta Rosa'),
(926, 8, 'Concepción'),
(927, 8, 'Cruz de Los Milagros'),
(928, 8, 'Curuzú-Cuatiá'),
(929, 8, 'Empedrado'),
(930, 8, 'Esquina'),
(931, 8, 'Estación Torrent'),
(932, 8, 'Felipe Yofré'),
(933, 8, 'Garruchos'),
(934, 8, 'Gdor. Agrónomo'),
(935, 8, 'Gdor. Martínez'),
(936, 8, 'Goya'),
(937, 8, 'Guaviravi'),
(938, 8, 'Herlitzka'),
(939, 8, 'Ita-Ibate'),
(940, 8, 'Itatí'),
(941, 8, 'Ituzaingó'),
(942, 8, 'José Rafael Gómez'),
(943, 8, 'Juan Pujol'),
(944, 8, 'La Cruz'),
(945, 8, 'Lavalle'),
(946, 8, 'Lomas de Vallejos'),
(947, 8, 'Loreto'),
(948, 8, 'Mariano I. Loza'),
(949, 8, 'Mburucuyá'),
(950, 8, 'Mercedes'),
(951, 8, 'Mocoretá'),
(952, 8, 'Mte. Caseros'),
(953, 8, 'Nueve de Julio'),
(954, 8, 'Palmar Grande'),
(955, 8, 'Parada Pucheta'),
(956, 8, 'Paso de La Patria'),
(957, 8, 'Paso de Los Libres'),
(958, 8, 'Pedro R. Fernandez'),
(959, 8, 'Perugorría'),
(960, 8, 'Pueblo Libertador'),
(961, 8, 'Ramada Paso'),
(962, 8, 'Riachuelo'),
(963, 8, 'Saladas'),
(964, 8, 'San Antonio'),
(965, 8, 'San Carlos'),
(966, 8, 'San Cosme'),
(967, 8, 'San Lorenzo'),
(968, 8, '20 del Palmar'),
(969, 8, 'San Miguel'),
(970, 8, 'San Roque'),
(971, 8, 'Santa Ana'),
(972, 8, 'Santa Lucía'),
(973, 8, 'Santo Tomé'),
(974, 8, 'Sauce'),
(975, 8, 'Tabay'),
(976, 8, 'Tapebicuá'),
(977, 8, 'Tatacua'),
(978, 8, 'Virasoro'),
(979, 8, 'Yapeyú'),
(980, 8, 'Yataití Calle'),
(981, 9, 'Alarcón'),
(982, 9, 'Alcaraz'),
(983, 9, 'Alcaraz N.'),
(984, 9, 'Alcaraz S.'),
(985, 9, 'Aldea Asunción'),
(986, 9, 'Aldea Brasilera'),
(987, 9, 'Aldea Elgenfeld'),
(988, 9, 'Aldea Grapschental'),
(989, 9, 'Aldea Ma. Luisa'),
(990, 9, 'Aldea Protestante'),
(991, 9, 'Aldea Salto'),
(992, 9, 'Aldea San Antonio (G)'),
(993, 9, 'Aldea San Antonio (P)'),
(994, 9, 'Aldea 19'),
(995, 9, 'Aldea San Miguel'),
(996, 9, 'Aldea San Rafael'),
(997, 9, 'Aldea Spatzenkutter'),
(998, 9, 'Aldea Sta. María'),
(999, 9, 'Aldea Sta. Rosa'),
(1000, 9, 'Aldea Valle María'),
(1001, 9, 'Altamirano Sur'),
(1002, 9, 'Antelo'),
(1003, 9, 'Antonio Tomás'),
(1004, 9, 'Aranguren'),
(1005, 9, 'Arroyo Barú'),
(1006, 9, 'Arroyo Burgos'),
(1007, 9, 'Arroyo Clé'),
(1008, 9, 'Arroyo Corralito'),
(1009, 9, 'Arroyo del Medio'),
(1010, 9, 'Arroyo Maturrango'),
(1011, 9, 'Arroyo Palo Seco'),
(1012, 9, 'Banderas'),
(1013, 9, 'Basavilbaso'),
(1014, 9, 'Betbeder'),
(1015, 9, 'Bovril'),
(1016, 9, 'Caseros'),
(1017, 9, 'Ceibas'),
(1018, 9, 'Cerrito'),
(1019, 9, 'Chajarí'),
(1020, 9, 'Chilcas'),
(1021, 9, 'Clodomiro Ledesma'),
(1022, 9, 'Col. Alemana'),
(1023, 9, 'Col. Avellaneda'),
(1024, 9, 'Col. Avigdor'),
(1025, 9, 'Col. Ayuí'),
(1026, 9, 'Col. Baylina'),
(1027, 9, 'Col. Carrasco'),
(1028, 9, 'Col. Celina'),
(1029, 9, 'Col. Cerrito'),
(1030, 9, 'Col. Crespo'),
(1031, 9, 'Col. Elia'),
(1032, 9, 'Col. Ensayo'),
(1033, 9, 'Col. Gral. Roca'),
(1034, 9, 'Col. La Argentina'),
(1035, 9, 'Col. Merou'),
(1036, 9, 'Col. Oficial Nª3'),
(1037, 9, 'Col. Oficial Nº13'),
(1038, 9, 'Col. Oficial Nº14'),
(1039, 9, 'Col. Oficial Nº5'),
(1040, 9, 'Col. Reffino'),
(1041, 9, 'Col. Tunas'),
(1042, 9, 'Col. Viraró'),
(1043, 9, 'Colón'),
(1044, 9, 'Concepción del Uruguay'),
(1045, 9, 'Concordia'),
(1046, 9, 'Conscripto Bernardi'),
(1047, 9, 'Costa Grande'),
(1048, 9, 'Costa San Antonio'),
(1049, 9, 'Costa Uruguay N.'),
(1050, 9, 'Costa Uruguay S.'),
(1051, 9, 'Crespo'),
(1052, 9, 'Crucecitas 3ª'),
(1053, 9, 'Crucecitas 7ª'),
(1054, 9, 'Crucecitas 8ª'),
(1055, 9, 'Cuchilla Redonda'),
(1056, 9, 'Curtiembre'),
(1057, 9, 'Diamante'),
(1058, 9, 'Distrito 6º'),
(1059, 9, 'Distrito Chañar'),
(1060, 9, 'Distrito Chiqueros'),
(1061, 9, 'Distrito Cuarto'),
(1062, 9, 'Distrito Diego López'),
(1063, 9, 'Distrito Pajonal'),
(1064, 9, 'Distrito Sauce'),
(1065, 9, 'Distrito Tala'),
(1066, 9, 'Distrito Talitas'),
(1067, 9, 'Don Cristóbal 1ª Sección'),
(1068, 9, 'Don Cristóbal 2ª Sección'),
(1069, 9, 'Durazno'),
(1070, 9, 'El Cimarrón'),
(1071, 9, 'El Gramillal'),
(1072, 9, 'El Palenque'),
(1073, 9, 'El Pingo'),
(1074, 9, 'El Quebracho'),
(1075, 9, 'El Redomón'),
(1076, 9, 'El Solar'),
(1077, 9, 'Enrique Carbo'),
(1078, 9, '9'),
(1079, 9, 'Espinillo N.'),
(1080, 9, 'Estación Campos'),
(1081, 9, 'Estación Escriña'),
(1082, 9, 'Estación Lazo'),
(1083, 9, 'Estación Raíces'),
(1084, 9, 'Estación Yerúa'),
(1085, 9, 'Estancia Grande'),
(1086, 9, 'Estancia Líbaros'),
(1087, 9, 'Estancia Racedo'),
(1088, 9, 'Estancia Solá'),
(1089, 9, 'Estancia Yuquerí'),
(1090, 9, 'Estaquitas'),
(1091, 9, 'Faustino M. Parera'),
(1092, 9, 'Febre'),
(1093, 9, 'Federación'),
(1094, 9, 'Federal'),
(1095, 9, 'Gdor. Echagüe'),
(1096, 9, 'Gdor. Mansilla'),
(1097, 9, 'Gilbert'),
(1098, 9, 'González Calderón'),
(1099, 9, 'Gral. Almada'),
(1100, 9, 'Gral. Alvear'),
(1101, 9, 'Gral. Campos'),
(1102, 9, 'Gral. Galarza'),
(1103, 9, 'Gral. Ramírez'),
(1104, 9, 'Gualeguay'),
(1105, 9, 'Gualeguaychú'),
(1106, 9, 'Gualeguaycito'),
(1107, 9, 'Guardamonte'),
(1108, 9, 'Hambis'),
(1109, 9, 'Hasenkamp'),
(1110, 9, 'Hernandarias'),
(1111, 9, 'Hernández'),
(1112, 9, 'Herrera'),
(1113, 9, 'Hinojal'),
(1114, 9, 'Hocker'),
(1115, 9, 'Ing. Sajaroff'),
(1116, 9, 'Irazusta'),
(1117, 9, 'Isletas'),
(1118, 9, 'J.J De Urquiza'),
(1119, 9, 'Jubileo'),
(1120, 9, 'La Clarita'),
(1121, 9, 'La Criolla'),
(1122, 9, 'La Esmeralda'),
(1123, 9, 'La Florida'),
(1124, 9, 'La Fraternidad'),
(1125, 9, 'La Hierra'),
(1126, 9, 'La Ollita'),
(1127, 9, 'La Paz'),
(1128, 9, 'La Picada'),
(1129, 9, 'La Providencia'),
(1130, 9, 'La Verbena'),
(1131, 9, 'Laguna Benítez'),
(1132, 9, 'Larroque'),
(1133, 9, 'Las Cuevas'),
(1134, 9, 'Las Garzas'),
(1135, 9, 'Las Guachas'),
(1136, 9, 'Las Mercedes'),
(1137, 9, 'Las Moscas'),
(1138, 9, 'Las Mulitas'),
(1139, 9, 'Las Toscas'),
(1140, 9, 'Laurencena'),
(1141, 9, 'Libertador San Martín'),
(1142, 9, 'Loma Limpia'),
(1143, 9, 'Los Ceibos'),
(1144, 9, 'Los Charruas'),
(1145, 9, 'Los Conquistadores'),
(1146, 9, 'Lucas González'),
(1147, 9, 'Lucas N.'),
(1148, 9, 'Lucas S. 1ª'),
(1149, 9, 'Lucas S. 2ª'),
(1150, 9, 'Maciá'),
(1151, 9, 'María Grande'),
(1152, 9, 'María Grande 2ª'),
(1153, 9, 'Médanos'),
(1154, 9, 'Mojones N.'),
(1155, 9, 'Mojones S.'),
(1156, 9, 'Molino Doll'),
(1157, 9, 'Monte Redondo'),
(1158, 9, 'Montoya'),
(1159, 9, 'Mulas Grandes'),
(1160, 9, 'Ñancay'),
(1161, 9, 'Nogoyá'),
(1162, 9, 'Nueva Escocia'),
(1163, 9, 'Nueva Vizcaya'),
(1164, 9, 'Ombú'),
(1165, 9, 'Oro Verde'),
(1166, 9, 'Paraná'),
(1167, 9, 'Pasaje Guayaquil'),
(1168, 9, 'Pasaje Las Tunas'),
(1169, 9, 'Paso de La Arena'),
(1170, 9, 'Paso de La Laguna'),
(1171, 9, 'Paso de Las Piedras'),
(1172, 9, 'Paso Duarte'),
(1173, 9, 'Pastor Britos'),
(1174, 9, 'Pedernal'),
(1175, 9, 'Perdices'),
(1176, 9, 'Picada Berón'),
(1177, 9, 'Piedras Blancas'),
(1178, 9, 'Primer Distrito Cuchilla'),
(1179, 9, 'Primero de Mayo'),
(1180, 9, 'Pronunciamiento'),
(1181, 9, 'Pto. Algarrobo'),
(1182, 9, 'Pto. Ibicuy'),
(1183, 9, 'Pueblo Brugo'),
(1184, 9, 'Pueblo Cazes'),
(1185, 9, 'Pueblo Gral. Belgrano'),
(1186, 9, 'Pueblo Liebig'),
(1187, 9, 'Puerto Yeruá'),
(1188, 9, 'Punta del Monte'),
(1189, 9, 'Quebracho'),
(1190, 9, 'Quinto Distrito'),
(1191, 9, 'Raices Oeste'),
(1192, 9, 'Rincón de Nogoyá'),
(1193, 9, 'Rincón del Cinto'),
(1194, 9, 'Rincón del Doll'),
(1195, 9, 'Rincón del Gato'),
(1196, 9, 'Rocamora'),
(1197, 9, 'Rosario del Tala'),
(1198, 9, 'San Benito'),
(1199, 9, 'San Cipriano'),
(1200, 9, 'San Ernesto'),
(1201, 9, 'San Gustavo'),
(1202, 9, 'San Jaime'),
(1203, 9, 'San José'),
(1204, 9, 'San José de Feliciano'),
(1205, 9, 'San Justo'),
(1206, 9, 'San Marcial'),
(1207, 9, 'San Pedro'),
(1208, 9, 'San Ramírez'),
(1209, 9, 'San Ramón'),
(1210, 9, 'San Roque'),
(1211, 9, 'San Salvador'),
(1212, 9, 'San Víctor'),
(1213, 9, 'Santa Ana'),
(1214, 9, 'Santa Anita'),
(1215, 9, 'Santa Elena'),
(1216, 9, 'Santa Lucía'),
(1217, 9, 'Santa Luisa'),
(1218, 9, 'Sauce de Luna'),
(1219, 9, 'Sauce Montrull'),
(1220, 9, 'Sauce Pinto'),
(1221, 9, 'Sauce Sur'),
(1222, 9, 'Seguí'),
(1223, 9, 'Sir Leonard'),
(1224, 9, 'Sosa'),
(1225, 9, 'Tabossi'),
(1226, 9, 'Tezanos Pinto'),
(1227, 9, 'Ubajay'),
(1228, 9, 'Urdinarrain'),
(1229, 9, 'Veinte de Septiembre'),
(1230, 9, 'Viale'),
(1231, 9, 'Victoria'),
(1232, 9, 'Villa Clara'),
(1233, 9, 'Villa del Rosario'),
(1234, 9, 'Villa Domínguez'),
(1235, 9, 'Villa Elisa'),
(1236, 9, 'Villa Fontana'),
(1237, 9, 'Villa Gdor. Etchevehere'),
(1238, 9, 'Villa Mantero'),
(1239, 9, 'Villa Paranacito'),
(1240, 9, 'Villa Urquiza'),
(1241, 9, 'Villaguay'),
(1242, 9, 'Walter Moss'),
(1243, 9, 'Yacaré'),
(1244, 9, 'Yeso Oeste'),
(1245, 10, 'Buena Vista'),
(1246, 10, 'Clorinda'),
(1247, 10, 'Col. Pastoril'),
(1248, 10, 'Cte. Fontana'),
(1249, 10, 'El Colorado'),
(1250, 10, 'El Espinillo'),
(1251, 10, 'Estanislao Del Campo'),
(1252, 10, '10'),
(1253, 10, 'Fortín Lugones'),
(1254, 10, 'Gral. Lucio V. Mansilla'),
(1255, 10, 'Gral. Manuel Belgrano'),
(1256, 10, 'Gral. Mosconi'),
(1257, 10, 'Gran Guardia'),
(1258, 10, 'Herradura'),
(1259, 10, 'Ibarreta'),
(1260, 10, 'Ing. Juárez'),
(1261, 10, 'Laguna Blanca'),
(1262, 10, 'Laguna Naick Neck'),
(1263, 10, 'Laguna Yema'),
(1264, 10, 'Las Lomitas'),
(1265, 10, 'Los Chiriguanos'),
(1266, 10, 'Mayor V. Villafañe'),
(1267, 10, 'Misión San Fco.'),
(1268, 10, 'Palo Santo'),
(1269, 10, 'Pirané'),
(1270, 10, 'Pozo del Maza'),
(1271, 10, 'Riacho He-He'),
(1272, 10, 'San Hilario'),
(1273, 10, 'San Martín II'),
(1274, 10, 'Siete Palmas'),
(1275, 10, 'Subteniente Perín'),
(1276, 10, 'Tres Lagunas'),
(1277, 10, 'Villa Dos Trece'),
(1278, 10, 'Villa Escolar'),
(1279, 10, 'Villa Gral. Güemes'),
(1280, 11, 'Abdon Castro Tolay'),
(1281, 11, 'Abra Pampa'),
(1282, 11, 'Abralaite'),
(1283, 11, 'Aguas Calientes'),
(1284, 11, 'Arrayanal'),
(1285, 11, 'Barrios'),
(1286, 11, 'Caimancito'),
(1287, 11, 'Calilegua'),
(1288, 11, 'Cangrejillos'),
(1289, 11, 'Caspala'),
(1290, 11, 'Catuá'),
(1291, 11, 'Cieneguillas'),
(1292, 11, 'Coranzulli'),
(1293, 11, 'Cusi-Cusi'),
(1294, 11, 'El Aguilar'),
(1295, 11, 'El Carmen'),
(1296, 11, 'El Cóndor'),
(1297, 11, 'El Fuerte'),
(1298, 11, 'El Piquete'),
(1299, 11, 'El Talar'),
(1300, 11, 'Fraile Pintado'),
(1301, 11, 'Hipólito Yrigoyen'),
(1302, 11, 'Huacalera'),
(1303, 11, 'Humahuaca'),
(1304, 11, 'La Esperanza'),
(1305, 11, 'La Mendieta'),
(1306, 11, 'La Quiaca'),
(1307, 11, 'Ledesma'),
(1308, 11, 'Libertador Gral. San Martin'),
(1309, 11, 'Maimara'),
(1310, 11, 'Mina Pirquitas'),
(1311, 11, 'Monterrico'),
(1312, 11, 'Palma Sola'),
(1313, 11, 'Palpalá'),
(1314, 11, 'Pampa Blanca'),
(1315, 11, 'Pampichuela'),
(1316, 11, 'Perico'),
(1317, 11, 'Puesto del Marqués'),
(1318, 11, 'Puesto Viejo'),
(1319, 11, 'Pumahuasi'),
(1320, 11, 'Purmamarca'),
(1321, 11, 'Rinconada'),
(1322, 11, 'Rodeitos'),
(1323, 11, 'Rosario de Río Grande'),
(1324, 11, 'San Antonio'),
(1325, 11, 'San Francisco'),
(1326, 11, 'San Pedro'),
(1327, 11, 'San Rafael'),
(1328, 11, 'San Salvador'),
(1329, 11, 'Santa Ana'),
(1330, 11, 'Santa Catalina'),
(1331, 11, 'Santa Clara'),
(1332, 11, 'Susques'),
(1333, 11, 'Tilcara'),
(1334, 11, 'Tres Cruces'),
(1335, 11, 'Tumbaya'),
(1336, 11, 'Valle Grande'),
(1337, 11, 'Vinalito'),
(1338, 11, 'Volcán'),
(1339, 11, 'Yala'),
(1340, 11, 'Yaví'),
(1341, 11, 'Yuto'),
(1342, 12, 'Abramo'),
(1343, 12, 'Adolfo Van Praet'),
(1344, 12, 'Agustoni'),
(1345, 12, 'Algarrobo del Aguila'),
(1346, 12, 'Alpachiri'),
(1347, 12, 'Alta Italia'),
(1348, 12, 'Anguil'),
(1349, 12, 'Arata'),
(1350, 12, 'Ataliva Roca'),
(1351, 12, 'Bernardo Larroude'),
(1352, 12, 'Bernasconi'),
(1353, 12, 'Caleufú'),
(1354, 12, 'Carro Quemado'),
(1355, 12, 'Catriló'),
(1356, 12, 'Ceballos'),
(1357, 12, 'Chacharramendi'),
(1358, 12, 'Col. Barón'),
(1359, 12, 'Col. Santa María'),
(1360, 12, 'Conhelo'),
(1361, 12, 'Coronel Hilario Lagos'),
(1362, 12, 'Cuchillo-Có'),
(1363, 12, 'Doblas'),
(1364, 12, 'Dorila'),
(1365, 12, 'Eduardo Castex'),
(1366, 12, 'Embajador Martini'),
(1367, 12, 'Falucho'),
(1368, 12, 'Gral. Acha'),
(1369, 12, 'Gral. Manuel Campos'),
(1370, 12, 'Gral. Pico'),
(1371, 12, 'Guatraché'),
(1372, 12, 'Ing. Luiggi'),
(1373, 12, 'Intendente Alvear'),
(1374, 12, 'Jacinto Arauz'),
(1375, 12, 'La Adela'),
(1376, 12, 'La Humada'),
(1377, 12, 'La Maruja'),
(1378, 12, '12'),
(1379, 12, 'La Reforma'),
(1380, 12, 'Limay Mahuida'),
(1381, 12, 'Lonquimay'),
(1382, 12, 'Loventuel'),
(1383, 12, 'Luan Toro'),
(1384, 12, 'Macachín'),
(1385, 12, 'Maisonnave'),
(1386, 12, 'Mauricio Mayer'),
(1387, 12, 'Metileo'),
(1388, 12, 'Miguel Cané'),
(1389, 12, 'Miguel Riglos'),
(1390, 12, 'Monte Nievas'),
(1391, 12, 'Parera'),
(1392, 12, 'Perú'),
(1393, 12, 'Pichi-Huinca'),
(1394, 12, 'Puelches'),
(1395, 12, 'Puelén'),
(1396, 12, 'Quehue'),
(1397, 12, 'Quemú Quemú'),
(1398, 12, 'Quetrequén'),
(1399, 12, 'Rancul'),
(1400, 12, 'Realicó'),
(1401, 12, 'Relmo'),
(1402, 12, 'Rolón'),
(1403, 12, 'Rucanelo'),
(1404, 12, 'Sarah'),
(1405, 12, 'Speluzzi'),
(1406, 12, 'Sta. Isabel'),
(1407, 12, 'Sta. Rosa'),
(1408, 12, 'Sta. Teresa'),
(1409, 12, 'Telén'),
(1410, 12, 'Toay'),
(1411, 12, 'Tomas M. de Anchorena'),
(1412, 12, 'Trenel'),
(1413, 12, 'Unanue'),
(1414, 12, 'Uriburu'),
(1415, 12, 'Veinticinco de Mayo'),
(1416, 12, 'Vertiz'),
(1417, 12, 'Victorica'),
(1418, 12, 'Villa Mirasol'),
(1419, 12, 'Winifreda'),
(1420, 13, 'Arauco'),
(1421, 13, 'Capital'),
(1422, 13, 'Castro Barros'),
(1423, 13, 'Chamical'),
(1424, 13, 'Chilecito'),
(1425, 13, 'Coronel F. Varela'),
(1426, 13, 'Famatina'),
(1427, 13, 'Gral. A.V.Peñaloza'),
(1428, 13, 'Gral. Belgrano'),
(1429, 13, 'Gral. J.F. Quiroga'),
(1430, 13, 'Gral. Lamadrid'),
(1431, 13, 'Gral. Ocampo'),
(1432, 13, 'Gral. San Martín'),
(1433, 13, 'Independencia'),
(1434, 13, 'Rosario Penaloza'),
(1435, 13, 'San Blas de Los Sauces'),
(1436, 13, 'Sanagasta'),
(1437, 13, 'Vinchina'),
(1438, 14, 'Capital'),
(1439, 14, 'Chacras de Coria'),
(1440, 14, 'Dorrego'),
(1441, 14, 'Gllen'),
(1442, 14, 'Godoy Cruz'),
(1443, 14, 'Gral. Alvear'),
(1444, 14, 'Guaymallén'),
(1445, 14, 'Junín'),
(1446, 14, 'La Paz'),
(1447, 14, 'Las Heras'),
(1448, 14, 'Lavalle'),
(1449, 14, 'Luján'),
(1450, 14, 'Luján De Cuyo'),
(1451, 14, 'Maipú'),
(1452, 14, 'Malargüe'),
(1453, 14, 'Rivadavia'),
(1454, 14, 'San Carlos'),
(1455, 14, 'San Martín'),
(1456, 14, 'San Rafael'),
(1457, 14, 'Sta. Rosa'),
(1458, 14, 'Tunuyán'),
(1459, 14, 'Tupungato'),
(1460, 14, 'Villa Nueva'),
(1461, 15, 'Alba Posse'),
(1462, 15, 'Almafuerte'),
(1463, 15, 'Apóstoles'),
(1464, 15, 'Aristóbulo Del Valle'),
(1465, 15, 'Arroyo Del Medio'),
(1466, 15, 'Azara'),
(1467, 15, 'Bdo. De Irigoyen'),
(1468, 15, 'Bonpland'),
(1469, 15, 'Caá Yari'),
(1470, 15, 'Campo Grande'),
(1471, 15, 'Campo Ramón'),
(1472, 15, 'Campo Viera'),
(1473, 15, 'Candelaria'),
(1474, 15, 'Capioví'),
(1475, 15, 'Caraguatay'),
(1476, 15, 'Cdte. Guacurarí'),
(1477, 15, 'Cerro Azul'),
(1478, 15, 'Cerro Corá'),
(1479, 15, 'Col. Alberdi'),
(1480, 15, 'Col. Aurora'),
(1481, 15, 'Col. Delicia'),
(1482, 15, 'Col. Polana'),
(1483, 15, 'Col. Victoria'),
(1484, 15, 'Col. Wanda'),
(1485, 15, 'Concepción De La Sierra'),
(1486, 15, 'Corpus'),
(1487, 15, 'Dos Arroyos'),
(1488, 15, 'Dos de Mayo'),
(1489, 15, 'El Alcázar'),
(1490, 15, 'El Dorado'),
(1491, 15, 'El Soberbio'),
(1492, 15, 'Esperanza'),
(1493, 15, 'F. Ameghino'),
(1494, 15, 'Fachinal'),
(1495, 15, 'Garuhapé'),
(1496, 15, 'Garupá'),
(1497, 15, 'Gdor. López'),
(1498, 15, 'Gdor. Roca'),
(1499, 15, 'Gral. Alvear'),
(1500, 15, 'Gral. Urquiza'),
(1501, 15, 'Guaraní'),
(1502, 15, 'H. Yrigoyen'),
(1503, 15, 'Iguazú'),
(1504, 15, 'Itacaruaré'),
(1505, 15, 'Jardín América'),
(1506, 15, 'Leandro N. Alem'),
(1507, 15, 'Libertad'),
(1508, 15, 'Loreto'),
(1509, 15, 'Los Helechos'),
(1510, 15, 'Mártires'),
(1511, 15, '15'),
(1512, 15, 'Mojón Grande'),
(1513, 15, 'Montecarlo'),
(1514, 15, 'Nueve de Julio'),
(1515, 15, 'Oberá'),
(1516, 15, 'Olegario V. Andrade'),
(1517, 15, 'Panambí'),
(1518, 15, 'Posadas'),
(1519, 15, 'Profundidad'),
(1520, 15, 'Pto. Iguazú'),
(1521, 15, 'Pto. Leoni'),
(1522, 15, 'Pto. Piray'),
(1523, 15, 'Pto. Rico'),
(1524, 15, 'Ruiz de Montoya'),
(1525, 15, 'San Antonio'),
(1526, 15, 'San Ignacio'),
(1527, 15, 'San Javier'),
(1528, 15, 'San José'),
(1529, 15, 'San Martín'),
(1530, 15, 'San Pedro'),
(1531, 15, 'San Vicente'),
(1532, 15, 'Santiago De Liniers'),
(1533, 15, 'Santo Pipo'),
(1534, 15, 'Sta. Ana'),
(1535, 15, 'Sta. María'),
(1536, 15, 'Tres Capones'),
(1537, 15, 'Veinticinco de Mayo'),
(1538, 15, 'Wanda'),
(1539, 16, 'Aguada San Roque'),
(1540, 16, 'Aluminé'),
(1541, 16, 'Andacollo'),
(1542, 16, 'Añelo'),
(1543, 16, 'Bajada del Agrio'),
(1544, 16, 'Barrancas'),
(1545, 16, 'Buta Ranquil'),
(1546, 16, 'Capital'),
(1547, 16, 'Caviahué'),
(1548, 16, 'Centenario'),
(1549, 16, 'Chorriaca'),
(1550, 16, 'Chos Malal'),
(1551, 16, 'Cipolletti'),
(1552, 16, 'Covunco Abajo'),
(1553, 16, 'Coyuco Cochico'),
(1554, 16, 'Cutral Có'),
(1555, 16, 'El Cholar'),
(1556, 16, 'El Huecú'),
(1557, 16, 'El Sauce'),
(1558, 16, 'Guañacos'),
(1559, 16, 'Huinganco'),
(1560, 16, 'Las Coloradas'),
(1561, 16, 'Las Lajas'),
(1562, 16, 'Las Ovejas'),
(1563, 16, 'Loncopué'),
(1564, 16, 'Los Catutos'),
(1565, 16, 'Los Chihuidos'),
(1566, 16, 'Los Miches'),
(1567, 16, 'Manzano Amargo'),
(1568, 16, '16'),
(1569, 16, 'Octavio Pico'),
(1570, 16, 'Paso Aguerre'),
(1571, 16, 'Picún Leufú'),
(1572, 16, 'Piedra del Aguila'),
(1573, 16, 'Pilo Lil'),
(1574, 16, 'Plaza Huincul'),
(1575, 16, 'Plottier'),
(1576, 16, 'Quili Malal'),
(1577, 16, 'Ramón Castro'),
(1578, 16, 'Rincón de Los Sauces'),
(1579, 16, 'San Martín de Los Andes'),
(1580, 16, 'San Patricio del Chañar'),
(1581, 16, 'Santo Tomás'),
(1582, 16, 'Sauzal Bonito'),
(1583, 16, 'Senillosa'),
(1584, 16, 'Taquimilán'),
(1585, 16, 'Tricao Malal'),
(1586, 16, 'Varvarco'),
(1587, 16, 'Villa Curí Leuvu'),
(1588, 16, 'Villa del Nahueve'),
(1589, 16, 'Villa del Puente Picún Leuvú'),
(1590, 16, 'Villa El Chocón'),
(1591, 16, 'Villa La Angostura'),
(1592, 16, 'Villa Pehuenia'),
(1593, 16, 'Villa Traful'),
(1594, 16, 'Vista Alegre'),
(1595, 16, 'Zapala'),
(1596, 17, 'Aguada Cecilio'),
(1597, 17, 'Aguada de Guerra'),
(1598, 17, 'Allén'),
(1599, 17, 'Arroyo de La Ventana'),
(1600, 17, 'Arroyo Los Berros'),
(1601, 17, 'Bariloche'),
(1602, 17, 'Calte. Cordero'),
(1603, 17, 'Campo Grande'),
(1604, 17, 'Catriel'),
(1605, 17, 'Cerro Policía'),
(1606, 17, 'Cervantes'),
(1607, 17, 'Chelforo'),
(1608, 17, 'Chimpay'),
(1609, 17, 'Chinchinales'),
(1610, 17, 'Chipauquil'),
(1611, 17, 'Choele Choel'),
(1612, 17, 'Cinco Saltos'),
(1613, 17, 'Cipolletti'),
(1614, 17, 'Clemente Onelli'),
(1615, 17, 'Colán Conhue'),
(1616, 17, 'Comallo'),
(1617, 17, 'Comicó'),
(1618, 17, 'Cona Niyeu'),
(1619, 17, 'Coronel Belisle'),
(1620, 17, 'Cubanea'),
(1621, 17, 'Darwin'),
(1622, 17, 'Dina Huapi'),
(1623, 17, 'El Bolsón'),
(1624, 17, 'El Caín'),
(1625, 17, 'El Manso'),
(1626, 17, 'Gral. Conesa'),
(1627, 17, 'Gral. Enrique Godoy'),
(1628, 17, 'Gral. Fernandez Oro'),
(1629, 17, 'Gral. Roca'),
(1630, 17, 'Guardia Mitre'),
(1631, 17, 'Ing. Huergo'),
(1632, 17, 'Ing. Jacobacci'),
(1633, 17, 'Laguna Blanca'),
(1634, 17, 'Lamarque'),
(1635, 17, 'Las Grutas'),
(1636, 17, 'Los Menucos'),
(1637, 17, 'Luis Beltrán'),
(1638, 17, 'Mainqué'),
(1639, 17, 'Mamuel Choique'),
(1640, 17, 'Maquinchao'),
(1641, 17, 'Mencué'),
(1642, 17, 'Mtro. Ramos Mexia'),
(1643, 17, 'Nahuel Niyeu'),
(1644, 17, 'Naupa Huen'),
(1645, 17, 'Ñorquinco'),
(1646, 17, 'Ojos de Agua'),
(1647, 17, 'Paso de Agua'),
(1648, 17, 'Paso Flores'),
(1649, 17, 'Peñas Blancas'),
(1650, 17, 'Pichi Mahuida'),
(1651, 17, 'Pilcaniyeu'),
(1652, 17, 'Pomona'),
(1653, 17, 'Prahuaniyeu'),
(1654, 17, 'Rincón Treneta'),
(1655, 17, 'Río Chico'),
(1656, 17, 'Río Colorado'),
(1657, 17, 'Roca'),
(1658, 17, 'San Antonio Oeste'),
(1659, 17, 'San Javier'),
(1660, 17, 'Sierra Colorada'),
(1661, 17, 'Sierra Grande'),
(1662, 17, 'Sierra Pailemán'),
(1663, 17, 'Valcheta'),
(1664, 17, 'Valle Azul'),
(1665, 17, 'Viedma'),
(1666, 17, 'Villa Llanquín'),
(1667, 17, 'Villa Mascardi'),
(1668, 17, 'Villa Regina'),
(1669, 17, 'Yaminué'),
(1670, 18, 'A. Saravia'),
(1671, 18, 'Aguaray'),
(1672, 18, 'Angastaco'),
(1673, 18, 'Animaná'),
(1674, 18, 'Cachi'),
(1675, 18, 'Cafayate'),
(1676, 18, 'Campo Quijano'),
(1677, 18, 'Campo Santo'),
(1678, 18, 'Capital'),
(1679, 18, 'Cerrillos'),
(1680, 18, 'Chicoana'),
(1681, 18, 'Col. Sta. Rosa'),
(1682, 18, 'Coronel Moldes'),
(1683, 18, 'El Bordo'),
(1684, 18, 'El Carril'),
(1685, 18, 'El Galpón'),
(1686, 18, 'El Jardín'),
(1687, 18, 'El Potrero'),
(1688, 18, 'El Quebrachal'),
(1689, 18, 'El Tala'),
(1690, 18, 'Embarcación'),
(1691, 18, 'Gral. Ballivian'),
(1692, 18, 'Gral. Güemes'),
(1693, 18, 'Gral. Mosconi'),
(1694, 18, 'Gral. Pizarro'),
(1695, 18, 'Guachipas'),
(1696, 18, 'Hipólito Yrigoyen'),
(1697, 18, 'Iruyá'),
(1698, 18, 'Isla De Cañas'),
(1699, 18, 'J. V. Gonzalez'),
(1700, 18, 'La Caldera'),
(1701, 18, 'La Candelaria'),
(1702, 18, 'La Merced'),
(1703, 18, 'La Poma'),
(1704, 18, 'La Viña'),
(1705, 18, 'Las Lajitas'),
(1706, 18, 'Los Toldos'),
(1707, 18, 'Metán'),
(1708, 18, 'Molinos'),
(1709, 18, 'Nazareno'),
(1710, 18, 'Orán'),
(1711, 18, 'Payogasta'),
(1712, 18, 'Pichanal'),
(1713, 18, 'Prof. S. Mazza'),
(1714, 18, 'Río Piedras'),
(1715, 18, 'Rivadavia Banda Norte'),
(1716, 18, 'Rivadavia Banda Sur'),
(1717, 18, 'Rosario de La Frontera'),
(1718, 18, 'Rosario de Lerma'),
(1719, 18, 'Saclantás'),
(1720, 18, '18'),
(1721, 18, 'San Antonio'),
(1722, 18, 'San Carlos'),
(1723, 18, 'San José De Metán'),
(1724, 18, 'San Ramón'),
(1725, 18, 'Santa Victoria E.'),
(1726, 18, 'Santa Victoria O.'),
(1727, 18, 'Tartagal'),
(1728, 18, 'Tolar Grande'),
(1729, 18, 'Urundel'),
(1730, 18, 'Vaqueros'),
(1731, 18, 'Villa San Lorenzo'),
(1732, 19, 'Albardón'),
(1733, 19, 'Angaco'),
(1734, 19, 'Calingasta'),
(1735, 19, 'Capital'),
(1736, 19, 'Caucete'),
(1737, 19, 'Chimbas'),
(1738, 19, 'Iglesia'),
(1739, 19, 'Jachal'),
(1740, 19, 'Nueve de Julio'),
(1741, 19, 'Pocito'),
(1742, 19, 'Rawson'),
(1743, 19, 'Rivadavia'),
(1744, 19, '19'),
(1745, 19, 'San Martín'),
(1746, 19, 'Santa Lucía'),
(1747, 19, 'Sarmiento'),
(1748, 19, 'Ullum'),
(1749, 19, 'Valle Fértil'),
(1750, 19, 'Veinticinco de Mayo'),
(1751, 19, 'Zonda'),
(1752, 20, 'Alto Pelado'),
(1753, 20, 'Alto Pencoso'),
(1754, 20, 'Anchorena'),
(1755, 20, 'Arizona'),
(1756, 20, 'Bagual'),
(1757, 20, 'Balde'),
(1758, 20, 'Batavia'),
(1759, 20, 'Beazley'),
(1760, 20, 'Buena Esperanza'),
(1761, 20, 'Candelaria'),
(1762, 20, 'Capital'),
(1763, 20, 'Carolina'),
(1764, 20, 'Carpintería'),
(1765, 20, 'Concarán'),
(1766, 20, 'Cortaderas'),
(1767, 20, 'El Morro'),
(1768, 20, 'El Trapiche'),
(1769, 20, 'El Volcán'),
(1770, 20, 'Fortín El Patria'),
(1771, 20, 'Fortuna'),
(1772, 20, 'Fraga'),
(1773, 20, 'Juan Jorba'),
(1774, 20, 'Juan Llerena'),
(1775, 20, 'Juana Koslay'),
(1776, 20, 'Justo Daract'),
(1777, 20, 'La Calera'),
(1778, 20, 'La Florida'),
(1779, 20, 'La Punilla'),
(1780, 20, 'La Toma'),
(1781, 20, 'Lafinur'),
(1782, 20, 'Las Aguadas'),
(1783, 20, 'Las Chacras'),
(1784, 20, 'Las Lagunas'),
(1785, 20, 'Las Vertientes'),
(1786, 20, 'Lavaisse'),
(1787, 20, 'Leandro N. Alem'),
(1788, 20, 'Los Molles'),
(1789, 20, 'Luján'),
(1790, 20, 'Mercedes'),
(1791, 20, 'Merlo'),
(1792, 20, 'Naschel'),
(1793, 20, 'Navia'),
(1794, 20, 'Nogolí'),
(1795, 20, 'Nueva Galia'),
(1796, 20, 'Papagayos'),
(1797, 20, 'Paso Grande'),
(1798, 20, 'Potrero de Los Funes'),
(1799, 20, 'Quines'),
(1800, 20, 'Renca'),
(1801, 20, 'Saladillo'),
(1802, 20, 'San Francisco'),
(1803, 20, 'San Gerónimo'),
(1804, 20, 'San Martín'),
(1805, 20, 'San Pablo'),
(1806, 20, 'Santa Rosa de Conlara'),
(1807, 20, 'Talita'),
(1808, 20, 'Tilisarao'),
(1809, 20, 'Unión'),
(1810, 20, 'Villa de La Quebrada'),
(1811, 20, 'Villa de Praga'),
(1812, 20, 'Villa del Carmen'),
(1813, 20, 'Villa Gral. Roca'),
(1814, 20, 'Villa Larca'),
(1815, 20, 'Villa Mercedes'),
(1816, 20, 'Zanjitas'),
(1817, 21, 'Calafate'),
(1818, 21, 'Caleta Olivia'),
(1819, 21, 'Cañadón Seco'),
(1820, 21, 'Comandante Piedrabuena'),
(1821, 21, 'El Calafate'),
(1822, 21, 'El Chaltén'),
(1823, 21, 'Gdor. Gregores'),
(1824, 21, 'Hipólito Yrigoyen'),
(1825, 21, 'Jaramillo'),
(1826, 21, 'Koluel Kaike'),
(1827, 21, 'Las Heras'),
(1828, 21, 'Los Antiguos'),
(1829, 21, 'Perito Moreno'),
(1830, 21, 'Pico Truncado'),
(1831, 21, 'Pto. Deseado'),
(1832, 21, 'Pto. San Julián'),
(1833, 21, 'Pto. 21'),
(1834, 21, 'Río Cuarto'),
(1835, 21, 'Río Gallegos'),
(1836, 21, 'Río Turbio'),
(1837, 21, 'Tres Lagos'),
(1838, 21, 'Veintiocho De Noviembre'),
(1839, 22, 'Aarón Castellanos'),
(1840, 22, 'Acebal'),
(1841, 22, 'Aguará Grande'),
(1842, 22, 'Albarellos'),
(1843, 22, 'Alcorta'),
(1844, 22, 'Aldao'),
(1845, 22, 'Alejandra'),
(1846, 22, 'Álvarez'),
(1847, 22, 'Ambrosetti'),
(1848, 22, 'Amenábar'),
(1849, 22, 'Angélica'),
(1850, 22, 'Angeloni'),
(1851, 22, 'Arequito'),
(1852, 22, 'Arminda'),
(1853, 22, 'Armstrong'),
(1854, 22, 'Arocena'),
(1855, 22, 'Arroyo Aguiar'),
(1856, 22, 'Arroyo Ceibal'),
(1857, 22, 'Arroyo Leyes'),
(1858, 22, 'Arroyo Seco'),
(1859, 22, 'Arrufó'),
(1860, 22, 'Arteaga'),
(1861, 22, 'Ataliva'),
(1862, 22, 'Aurelia'),
(1863, 22, 'Avellaneda'),
(1864, 22, 'Barrancas'),
(1865, 22, 'Bauer Y Sigel'),
(1866, 22, 'Bella Italia'),
(1867, 22, 'Berabevú'),
(1868, 22, 'Berna'),
(1869, 22, 'Bernardo de Irigoyen'),
(1870, 22, 'Bigand'),
(1871, 22, 'Bombal'),
(1872, 22, 'Bouquet'),
(1873, 22, 'Bustinza'),
(1874, 22, 'Cabal'),
(1875, 22, 'Cacique Ariacaiquin'),
(1876, 22, 'Cafferata'),
(1877, 22, 'Calchaquí'),
(1878, 22, 'Campo Andino'),
(1879, 22, 'Campo Piaggio'),
(1880, 22, 'Cañada de Gómez'),
(1881, 22, 'Cañada del Ucle'),
(1882, 22, 'Cañada Rica'),
(1883, 22, 'Cañada Rosquín'),
(1884, 22, 'Candioti'),
(1885, 22, 'Capital'),
(1886, 22, 'Capitán Bermúdez'),
(1887, 22, 'Capivara'),
(1888, 22, 'Carcarañá'),
(1889, 22, 'Carlos Pellegrini'),
(1890, 22, 'Carmen'),
(1891, 22, 'Carmen Del Sauce'),
(1892, 22, 'Carreras'),
(1893, 22, 'Carrizales'),
(1894, 22, 'Casalegno'),
(1895, 22, 'Casas'),
(1896, 22, 'Casilda'),
(1897, 22, 'Castelar'),
(1898, 22, 'Castellanos'),
(1899, 22, 'Cayastá'),
(1900, 22, 'Cayastacito'),
(1901, 22, 'Centeno'),
(1902, 22, 'Cepeda'),
(1903, 22, 'Ceres'),
(1904, 22, 'Chabás'),
(1905, 22, 'Chañar Ladeado'),
(1906, 22, 'Chapuy'),
(1907, 22, 'Chovet'),
(1908, 22, 'Christophersen'),
(1909, 22, 'Classon'),
(1910, 22, 'Cnel. Arnold'),
(1911, 22, 'Cnel. Bogado'),
(1912, 22, 'Cnel. Dominguez'),
(1913, 22, 'Cnel. Fraga'),
(1914, 22, 'Col. Aldao'),
(1915, 22, 'Col. Ana'),
(1916, 22, 'Col. Belgrano'),
(1917, 22, 'Col. Bicha'),
(1918, 22, 'Col. Bigand'),
(1919, 22, 'Col. Bossi'),
(1920, 22, 'Col. Cavour'),
(1921, 22, 'Col. Cello'),
(1922, 22, 'Col. Dolores'),
(1923, 22, 'Col. Dos Rosas'),
(1924, 22, 'Col. Durán'),
(1925, 22, 'Col. Iturraspe'),
(1926, 22, 'Col. Margarita'),
(1927, 22, 'Col. Mascias'),
(1928, 22, 'Col. Raquel'),
(1929, 22, 'Col. Rosa'),
(1930, 22, 'Col. San José'),
(1931, 22, 'Constanza'),
(1932, 22, 'Coronda'),
(1933, 22, 'Correa'),
(1934, 22, 'Crispi'),
(1935, 22, 'Cululú'),
(1936, 22, 'Curupayti'),
(1937, 22, 'Desvio Arijón'),
(1938, 22, 'Diaz'),
(1939, 22, 'Diego de Alvear'),
(1940, 22, 'Egusquiza'),
(1941, 22, 'El Arazá'),
(1942, 22, 'El Rabón'),
(1943, 22, 'El Sombrerito'),
(1944, 22, 'El Trébol'),
(1945, 22, 'Elisa'),
(1946, 22, 'Elortondo'),
(1947, 22, 'Emilia'),
(1948, 22, 'Empalme San Carlos'),
(1949, 22, 'Empalme Villa Constitucion'),
(1950, 22, 'Esmeralda'),
(1951, 22, 'Esperanza'),
(1952, 22, 'Estación Alvear'),
(1953, 22, 'Estacion Clucellas'),
(1954, 22, 'Esteban Rams'),
(1955, 22, 'Esther'),
(1956, 22, 'Esustolia'),
(1957, 22, 'Eusebia'),
(1958, 22, 'Felicia'),
(1959, 22, 'Fidela'),
(1960, 22, 'Fighiera'),
(1961, 22, 'Firmat'),
(1962, 22, 'Florencia'),
(1963, 22, 'Fortín Olmos'),
(1964, 22, 'Franck'),
(1965, 22, 'Fray Luis Beltrán'),
(1966, 22, 'Frontera'),
(1967, 22, 'Fuentes'),
(1968, 22, 'Funes'),
(1969, 22, 'Gaboto'),
(1970, 22, 'Galisteo'),
(1971, 22, 'Gálvez'),
(1972, 22, 'Garabalto'),
(1973, 22, 'Garibaldi'),
(1974, 22, 'Gato Colorado'),
(1975, 22, 'Gdor. Crespo'),
(1976, 22, 'Gessler'),
(1977, 22, 'Godoy'),
(1978, 22, 'Golondrina'),
(1979, 22, 'Gral. Gelly'),
(1980, 22, 'Gral. Lagos'),
(1981, 22, 'Granadero Baigorria'),
(1982, 22, 'Gregoria Perez De Denis'),
(1983, 22, 'Grutly'),
(1984, 22, 'Guadalupe N.'),
(1985, 22, 'Gödeken'),
(1986, 22, 'Helvecia'),
(1987, 22, 'Hersilia'),
(1988, 22, 'Hipatía'),
(1989, 22, 'Huanqueros'),
(1990, 22, 'Hugentobler'),
(1991, 22, 'Hughes'),
(1992, 22, 'Humberto 1º'),
(1993, 22, 'Humboldt'),
(1994, 22, 'Ibarlucea'),
(1995, 22, 'Ing. Chanourdie'),
(1996, 22, 'Intiyaco'),
(1997, 22, 'Ituzaingó'),
(1998, 22, 'Jacinto L. Aráuz'),
(1999, 22, 'Josefina'),
(2000, 22, 'Juan B. Molina'),
(2001, 22, 'Juan de Garay'),
(2002, 22, 'Juncal'),
(2003, 22, 'La Brava'),
(2004, 22, 'La Cabral'),
(2005, 22, 'La Camila'),
(2006, 22, 'La Chispa'),
(2007, 22, 'La Clara'),
(2008, 22, 'La Criolla'),
(2009, 22, 'La Gallareta'),
(2010, 22, 'La Lucila'),
(2011, 22, 'La Pelada'),
(2012, 22, 'La Penca'),
(2013, 22, 'La Rubia'),
(2014, 22, 'La Sarita'),
(2015, 22, 'La Vanguardia'),
(2016, 22, 'Labordeboy'),
(2017, 22, 'Laguna Paiva'),
(2018, 22, 'Landeta'),
(2019, 22, 'Lanteri'),
(2020, 22, 'Larrechea'),
(2021, 22, 'Las Avispas'),
(2022, 22, 'Las Bandurrias'),
(2023, 22, 'Las Garzas'),
(2024, 22, 'Las Palmeras'),
(2025, 22, 'Las Parejas'),
(2026, 22, 'Las Petacas'),
(2027, 22, 'Las Rosas'),
(2028, 22, 'Las Toscas'),
(2029, 22, 'Las Tunas'),
(2030, 22, 'Lazzarino'),
(2031, 22, 'Lehmann'),
(2032, 22, 'Llambi Campbell'),
(2033, 22, 'Logroño'),
(2034, 22, 'Loma Alta'),
(2035, 22, 'López'),
(2036, 22, 'Los Amores'),
(2037, 22, 'Los Cardos'),
(2038, 22, 'Los Laureles'),
(2039, 22, 'Los Molinos'),
(2040, 22, 'Los Quirquinchos'),
(2041, 22, 'Lucio V. Lopez'),
(2042, 22, 'Luis Palacios'),
(2043, 22, 'Ma. Juana'),
(2044, 22, 'Ma. Luisa'),
(2045, 22, 'Ma. Susana'),
(2046, 22, 'Ma. Teresa'),
(2047, 22, 'Maciel'),
(2048, 22, 'Maggiolo'),
(2049, 22, 'Malabrigo'),
(2050, 22, 'Marcelino Escalada'),
(2051, 22, 'Margarita'),
(2052, 22, 'Matilde'),
(2053, 22, 'Mauá'),
(2054, 22, 'Máximo Paz'),
(2055, 22, 'Melincué'),
(2056, 22, 'Miguel Torres'),
(2057, 22, 'Moisés Ville'),
(2058, 22, 'Monigotes'),
(2059, 22, 'Monje'),
(2060, 22, 'Monte Obscuridad'),
(2061, 22, 'Monte Vera'),
(2062, 22, 'Montefiore'),
(2063, 22, 'Montes de Oca'),
(2064, 22, 'Murphy'),
(2065, 22, 'Ñanducita'),
(2066, 22, 'Naré'),
(2067, 22, 'Nelson'),
(2068, 22, 'Nicanor E. Molinas'),
(2069, 22, 'Nuevo Torino'),
(2070, 22, 'Oliveros'),
(2071, 22, 'Palacios'),
(2072, 22, 'Pavón'),
(2073, 22, 'Pavón Arriba');
INSERT INTO `parametro_localidad` (`id`, `provincia_id`, `nombre`) VALUES
(2074, 22, 'Pedro Gómez Cello'),
(2075, 22, 'Pérez'),
(2076, 22, 'Peyrano'),
(2077, 22, 'Piamonte'),
(2078, 22, 'Pilar'),
(2079, 22, 'Piñero'),
(2080, 22, 'Plaza Clucellas'),
(2081, 22, 'Portugalete'),
(2082, 22, 'Pozo Borrado'),
(2083, 22, 'Progreso'),
(2084, 22, 'Providencia'),
(2085, 22, 'Pte. Roca'),
(2086, 22, 'Pueblo Andino'),
(2087, 22, 'Pueblo Esther'),
(2088, 22, 'Pueblo Gral. San Martín'),
(2089, 22, 'Pueblo Irigoyen'),
(2090, 22, 'Pueblo Marini'),
(2091, 22, 'Pueblo Muñoz'),
(2092, 22, 'Pueblo Uranga'),
(2093, 22, 'Pujato'),
(2094, 22, 'Pujato N.'),
(2095, 22, 'Rafaela'),
(2096, 22, 'Ramayón'),
(2097, 22, 'Ramona'),
(2098, 22, 'Reconquista'),
(2099, 22, 'Recreo'),
(2100, 22, 'Ricardone'),
(2101, 22, 'Rivadavia'),
(2102, 22, 'Roldán'),
(2103, 22, 'Romang'),
(2104, 22, 'Rosario'),
(2105, 22, 'Rueda'),
(2106, 22, 'Rufino'),
(2107, 22, 'Sa Pereira'),
(2108, 22, 'Saguier'),
(2109, 22, 'Saladero M. Cabal'),
(2110, 22, 'Salto Grande'),
(2111, 22, 'San Agustín'),
(2112, 22, 'San Antonio de Obligado'),
(2113, 22, 'San Bernardo (N.J.)'),
(2114, 22, 'San Bernardo (S.J.)'),
(2115, 22, 'San Carlos Centro'),
(2116, 22, 'San Carlos N.'),
(2117, 22, 'San Carlos S.'),
(2118, 22, 'San Cristóbal'),
(2119, 22, 'San Eduardo'),
(2120, 22, 'San Eugenio'),
(2121, 22, 'San Fabián'),
(2122, 22, 'San Fco. de Santa Fé'),
(2123, 22, 'San Genaro'),
(2124, 22, 'San Genaro N.'),
(2125, 22, 'San Gregorio'),
(2126, 22, 'San Guillermo'),
(2127, 22, 'San Javier'),
(2128, 22, 'San Jerónimo del Sauce'),
(2129, 22, 'San Jerónimo N.'),
(2130, 22, 'San Jerónimo S.'),
(2131, 22, 'San Jorge'),
(2132, 22, 'San José de La Esquina'),
(2133, 22, 'San José del Rincón'),
(2134, 22, 'San Justo'),
(2135, 22, 'San Lorenzo'),
(2136, 22, 'San Mariano'),
(2137, 22, 'San Martín de Las Escobas'),
(2138, 22, 'San Martín N.'),
(2139, 22, 'San Vicente'),
(2140, 22, 'Sancti Spititu'),
(2141, 22, 'Sanford'),
(2142, 22, 'Santo Domingo'),
(2143, 22, 'Santo Tomé'),
(2144, 22, 'Santurce'),
(2145, 22, 'Sargento Cabral'),
(2146, 22, 'Sarmiento'),
(2147, 22, 'Sastre'),
(2148, 22, 'Sauce Viejo'),
(2149, 22, 'Serodino'),
(2150, 22, 'Silva'),
(2151, 22, 'Soldini'),
(2152, 22, 'Soledad'),
(2153, 22, 'Soutomayor'),
(2154, 22, 'Sta. Clara de Buena Vista'),
(2155, 22, 'Sta. Clara de Saguier'),
(2156, 22, 'Sta. Isabel'),
(2157, 22, 'Sta. Margarita'),
(2158, 22, 'Sta. Maria Centro'),
(2159, 22, 'Sta. María N.'),
(2160, 22, 'Sta. Rosa'),
(2161, 22, 'Sta. Teresa'),
(2162, 22, 'Suardi'),
(2163, 22, 'Sunchales'),
(2164, 22, 'Susana'),
(2165, 22, 'Tacuarendí'),
(2166, 22, 'Tacural'),
(2167, 22, 'Tartagal'),
(2168, 22, 'Teodelina'),
(2169, 22, 'Theobald'),
(2170, 22, 'Timbúes'),
(2171, 22, 'Toba'),
(2172, 22, 'Tortugas'),
(2173, 22, 'Tostado'),
(2174, 22, 'Totoras'),
(2175, 22, 'Traill'),
(2176, 22, 'Venado Tuerto'),
(2177, 22, 'Vera'),
(2178, 22, 'Vera y Pintado'),
(2179, 22, 'Videla'),
(2180, 22, 'Vila'),
(2181, 22, 'Villa Amelia'),
(2182, 22, 'Villa Ana'),
(2183, 22, 'Villa Cañas'),
(2184, 22, 'Villa Constitución'),
(2185, 22, 'Villa Eloísa'),
(2186, 22, 'Villa Gdor. Gálvez'),
(2187, 22, 'Villa Guillermina'),
(2188, 22, 'Villa Minetti'),
(2189, 22, 'Villa Mugueta'),
(2190, 22, 'Villa Ocampo'),
(2191, 22, 'Villa San José'),
(2192, 22, 'Villa Saralegui'),
(2193, 22, 'Villa Trinidad'),
(2194, 22, 'Villada'),
(2195, 22, 'Virginia'),
(2196, 22, 'Wheelwright'),
(2197, 22, 'Zavalla'),
(2198, 22, 'Zenón Pereira'),
(2199, 23, 'Añatuya'),
(2200, 23, 'Árraga'),
(2201, 23, 'Bandera'),
(2202, 23, 'Bandera Bajada'),
(2203, 23, 'Beltrán'),
(2204, 23, 'Brea Pozo'),
(2205, 23, 'Campo Gallo'),
(2206, 23, 'Capital'),
(2207, 23, 'Chilca Juliana'),
(2208, 23, 'Choya'),
(2209, 23, 'Clodomira'),
(2210, 23, 'Col. Alpina'),
(2211, 23, 'Col. Dora'),
(2212, 23, 'Col. El Simbolar Robles'),
(2213, 23, 'El Bobadal'),
(2214, 23, 'El Charco'),
(2215, 23, 'El Mojón'),
(2216, 23, 'Estación Atamisqui'),
(2217, 23, 'Estación Simbolar'),
(2218, 23, 'Fernández'),
(2219, 23, 'Fortín Inca'),
(2220, 23, 'Frías'),
(2221, 23, 'Garza'),
(2222, 23, 'Gramilla'),
(2223, 23, 'Guardia Escolta'),
(2224, 23, 'Herrera'),
(2225, 23, 'Icaño'),
(2226, 23, 'Ing. Forres'),
(2227, 23, 'La Banda'),
(2228, 23, 'La Cañada'),
(2229, 23, 'Laprida'),
(2230, 23, 'Lavalle'),
(2231, 23, 'Loreto'),
(2232, 23, 'Los Juríes'),
(2233, 23, 'Los Núñez'),
(2234, 23, 'Los Pirpintos'),
(2235, 23, 'Los Quiroga'),
(2236, 23, 'Los Telares'),
(2237, 23, 'Lugones'),
(2238, 23, 'Malbrán'),
(2239, 23, 'Matara'),
(2240, 23, 'Medellín'),
(2241, 23, 'Monte Quemado'),
(2242, 23, 'Nueva Esperanza'),
(2243, 23, 'Nueva Francia'),
(2244, 23, 'Palo Negro'),
(2245, 23, 'Pampa de Los Guanacos'),
(2246, 23, 'Pinto'),
(2247, 23, 'Pozo Hondo'),
(2248, 23, 'Quimilí'),
(2249, 23, 'Real Sayana'),
(2250, 23, 'Sachayoj'),
(2251, 23, 'San Pedro de Guasayán'),
(2252, 23, 'Selva'),
(2253, 23, 'Sol de Julio'),
(2254, 23, 'Sumampa'),
(2255, 23, 'Suncho Corral'),
(2256, 23, 'Taboada'),
(2257, 23, 'Tapso'),
(2258, 23, 'Termas de Rio Hondo'),
(2259, 23, 'Tintina'),
(2260, 23, 'Tomas Young'),
(2261, 23, 'Vilelas'),
(2262, 23, 'Villa Atamisqui'),
(2263, 23, 'Villa La Punta'),
(2264, 23, 'Villa Ojo de Agua'),
(2265, 23, 'Villa Río Hondo'),
(2266, 23, 'Villa Salavina'),
(2267, 23, 'Villa Unión'),
(2268, 23, 'Vilmer'),
(2269, 23, 'Weisburd'),
(2270, 24, 'Río Grande'),
(2271, 24, 'Tolhuin'),
(2272, 24, 'Ushuaia'),
(2273, 25, 'Acheral'),
(2274, 25, 'Agua Dulce'),
(2275, 25, 'Aguilares'),
(2276, 25, 'Alderetes'),
(2277, 25, 'Alpachiri'),
(2278, 25, 'Alto Verde'),
(2279, 25, 'Amaicha del Valle'),
(2280, 25, 'Amberes'),
(2281, 25, 'Ancajuli'),
(2282, 25, 'Arcadia'),
(2283, 25, 'Atahona'),
(2284, 25, 'Banda del Río Sali'),
(2285, 25, 'Bella Vista'),
(2286, 25, 'Buena Vista'),
(2287, 25, 'Burruyacú'),
(2288, 25, 'Capitán Cáceres'),
(2289, 25, 'Cevil Redondo'),
(2290, 25, 'Choromoro'),
(2291, 25, 'Ciudacita'),
(2292, 25, 'Colalao del Valle'),
(2293, 25, 'Colombres'),
(2294, 25, 'Concepción'),
(2295, 25, 'Delfín Gallo'),
(2296, 25, 'El Bracho'),
(2297, 25, 'El Cadillal'),
(2298, 25, 'El Cercado'),
(2299, 25, 'El Chañar'),
(2300, 25, 'El Manantial'),
(2301, 25, 'El Mojón'),
(2302, 25, 'El Mollar'),
(2303, 25, 'El Naranjito'),
(2304, 25, 'El Naranjo'),
(2305, 25, 'El Polear'),
(2306, 25, 'El Puestito'),
(2307, 25, 'El Sacrificio'),
(2308, 25, 'El Timbó'),
(2309, 25, 'Escaba'),
(2310, 25, 'Esquina'),
(2311, 25, 'Estación Aráoz'),
(2312, 25, 'Famaillá'),
(2313, 25, 'Gastone'),
(2314, 25, 'Gdor. Garmendia'),
(2315, 25, 'Gdor. Piedrabuena'),
(2316, 25, 'Graneros'),
(2317, 25, 'Huasa Pampa'),
(2318, 25, 'J. B. Alberdi'),
(2319, 25, 'La Cocha'),
(2320, 25, 'La Esperanza'),
(2321, 25, 'La Florida'),
(2322, 25, 'La Ramada'),
(2323, 25, 'La Trinidad'),
(2324, 25, 'Lamadrid'),
(2325, 25, 'Las Cejas'),
(2326, 25, 'Las Talas'),
(2327, 25, 'Las Talitas'),
(2328, 25, 'Los Bulacio'),
(2329, 25, 'Los Gómez'),
(2330, 25, 'Los Nogales'),
(2331, 25, 'Los Pereyra'),
(2332, 25, 'Los Pérez'),
(2333, 25, 'Los Puestos'),
(2334, 25, 'Los Ralos'),
(2335, 25, 'Los Sarmientos'),
(2336, 25, 'Los Sosa'),
(2337, 25, 'Lules'),
(2338, 25, 'M. García Fernández'),
(2339, 25, 'Manuela Pedraza'),
(2340, 25, 'Medinas'),
(2341, 25, 'Monte Bello'),
(2342, 25, 'Monteagudo'),
(2343, 25, 'Monteros'),
(2344, 25, 'Padre Monti'),
(2345, 25, 'Pampa Mayo'),
(2346, 25, 'Quilmes'),
(2347, 25, 'Raco'),
(2348, 25, 'Ranchillos'),
(2349, 25, 'Río Chico'),
(2350, 25, 'Río Colorado'),
(2351, 25, 'Río Seco'),
(2352, 25, 'Rumi Punco'),
(2353, 25, 'San Andrés'),
(2354, 25, 'San Felipe'),
(2355, 25, 'San Ignacio'),
(2356, 25, 'San Javier'),
(2357, 25, 'San José'),
(2358, 25, 'San Miguel de 25'),
(2359, 25, 'San Pedro'),
(2360, 25, 'San Pedro de Colalao'),
(2361, 25, 'Santa Rosa de Leales'),
(2362, 25, 'Sgto. Moya'),
(2363, 25, 'Siete de Abril'),
(2364, 25, 'Simoca'),
(2365, 25, 'Soldado Maldonado'),
(2366, 25, 'Sta. Ana'),
(2367, 25, 'Sta. Cruz'),
(2368, 25, 'Sta. Lucía'),
(2369, 25, 'Taco Ralo'),
(2370, 25, 'Tafí del Valle'),
(2371, 25, 'Tafí Viejo'),
(2372, 25, 'Tapia'),
(2373, 25, 'Teniente Berdina'),
(2374, 25, 'Trancas'),
(2375, 25, 'Villa Belgrano'),
(2376, 25, 'Villa Benjamín Araoz'),
(2377, 25, 'Villa Chiligasta'),
(2378, 25, 'Villa de Leales'),
(2379, 25, 'Villa Quinteros'),
(2380, 25, 'Yánima'),
(2381, 25, 'Yerba Buena'),
(2382, 25, 'Yerba Buena (S)');

-- --------------------------------------------------------

--
-- Estructura de tabla para la tabla `parametro_pais`
--

CREATE TABLE IF NOT EXISTS `parametro_pais` (
`id` int(11) NOT NULL,
  `nombre` varchar(150) COLLATE utf8_unicode_ci NOT NULL
) ENGINE=InnoDB AUTO_INCREMENT=2 DEFAULT CHARSET=utf8 COLLATE=utf8_unicode_ci;

--
-- Volcado de datos para la tabla `parametro_pais`
--

INSERT INTO `parametro_pais` (`id`, `nombre`) VALUES
(1, 'Argentina');

-- --------------------------------------------------------

--
-- Estructura de tabla para la tabla `parametro_provincia`
--

CREATE TABLE IF NOT EXISTS `parametro_provincia` (
`id` int(11) NOT NULL,
  `pais_id` int(11) DEFAULT NULL,
  `nombre` varchar(150) COLLATE utf8_unicode_ci NOT NULL
) ENGINE=InnoDB AUTO_INCREMENT=26 DEFAULT CHARSET=utf8 COLLATE=utf8_unicode_ci;

--
-- Volcado de datos para la tabla `parametro_provincia`
--

INSERT INTO `parametro_provincia` (`id`, `pais_id`, `nombre`) VALUES
(1, 1, 'Buenos Aires'),
(2, 1, 'Buenos Aires-GBA'),
(3, 1, 'Capital Federal'),
(4, 1, 'Catamarca'),
(5, 1, 'Chaco'),
(6, 1, 'Chubut'),
(7, 1, 'Córdoba'),
(8, 1, 'Corrientes'),
(9, 1, 'Entre Ríos'),
(10, 1, 'Formosa'),
(11, 1, 'Jujuy'),
(12, 1, 'La Pampa'),
(13, 1, 'La Rioja'),
(14, 1, 'Mendoza'),
(15, 1, 'Misiones'),
(16, 1, 'Neuquén'),
(17, 1, 'Río Negro'),
(18, 1, 'Salta'),
(19, 1, 'San Juan'),
(20, 1, 'San Luis'),
(21, 1, 'Santa Cruz'),
(22, 1, 'Santa Fe'),
(23, 1, 'Santiago del Estero'),
(24, 1, 'Tierra del Fuego'),
(25, 1, 'Tucumán');

-- --------------------------------------------------------

--
-- Estructura de tabla para la tabla `producto`
--

CREATE TABLE IF NOT EXISTS `producto` (
`id` int(11) NOT NULL,
  `usuario_id` int(11) DEFAULT NULL,
  `categoria_id` int(11) DEFAULT NULL,
  `nombre` varchar(100) COLLATE utf8_unicode_ci DEFAULT NULL,
  `codigo` varchar(20) COLLATE utf8_unicode_ci DEFAULT NULL,
  `descripcion` longtext COLLATE utf8_unicode_ci,
  `precio` decimal(10,2) DEFAULT NULL,
  `costo` decimal(10,2) DEFAULT NULL,
  `iva` decimal(10,2) DEFAULT NULL,
  `activo` tinyint(1) DEFAULT NULL,
  `created_at` datetime NOT NULL,
  `updated_at` datetime NOT NULL,
  `stock` int(11) DEFAULT NULL
) ENGINE=InnoDB AUTO_INCREMENT=94 DEFAULT CHARSET=utf8 COLLATE=utf8_unicode_ci;

--
-- Volcado de datos para la tabla `producto`
--

INSERT INTO `producto` (`id`, `usuario_id`, `categoria_id`, `nombre`, `codigo`, `descripcion`, `precio`, `costo`, `iva`, `activo`, `created_at`, `updated_at`, `stock`) VALUES
(2, NULL, 36, 'DV Catena Malbec - Malbec', '112233', 'Domingo Vicente Catena Malbec 2006 es un blend proveniente de uvas Malbec de dos diferentes viñedos. El viñedo Angelica aporta aromas de mermeladas de ciruelas maduras y moras negras, suavidad y volumen al paladar. La Pirámide entrega aromas de frutos negros de carozo y notas de especias como pimienta negra y clavo de olor. Se conjugan de manera excepcional para dar origen a este vino, intenso y concentrado, de final largo y muy persistente.\r\n \r\nAlejandro Vigil, Enólogo Jefe', '230.00', '100.00', '0.21', 1, '2015-02-17 00:38:17', '2015-02-18 21:49:22', 4),
(3, NULL, 36, 'DV Catena Malbec - Cabernet', '112244', 'DV Catena Cabernet Sauvignon-Malbec 2008 es un vino elegante y complejo, de color rojo rubi con reflejos violetas. A la nariz, intenso y concentrado, presenta notas de especias aportadas por el Cabernet Sauvignon del viñedo La Pirámide, y notas de moras maduras y ciruelas, características del Malbec del viñedo Angélica, acompañadas por vainilla, tabaco y licor aportadas por la crianza en roble. En boca, de impacto dulce y gran complejidad, con taninos integrados y redondos, de final largo y persistente. Ideal para acompañar carnes de caza, como el ciervo y el jabalí.\r\n \r\nAlejandro Vigil, Enólogo Jefe', '330.00', '90.00', '0.21', 1, '2015-02-17 01:34:42', '2015-02-18 21:49:22', 5),
(4, NULL, 36, 'DV Catena Syrah - Syrah', '112255', 'DV Catena Syrah-Syrah 2006, es un vino elegante y complejo, de gran concentración, color violeta oscuro con matices negros. A la nariz, intenso y complejo, presenta aromas de moras maduras, ciruelas y cuero, con notas ligeras de vainilla, tabaco y licor. En boca, de impacto dulce en un comienzo y gran complejidad, es amplio, con taninos suaves y redondos que le otorgan una gran armonía final. Un vino ideal para acompañar pastas y carnes rojas como el cordero, o simplemente para beberlo y disfrutarlo con frutas secas y chocolate.\r\n \r\nAlejandro Vigil, Enólogo Jefe', '270.00', '85.00', '0.21', 1, '2015-02-17 01:58:31', '2015-02-26 19:29:00', 6),
(5, NULL, 37, 'callia amable', '112255', 'Callia Amable, es un producto fácil de beber, para varias ocasiones de consumo. Contiene bajo contenido alcohólico 10%, ideal para tomarse como aperitivo o acompañar sushi, pescados, dulces o postres.\r\n\r\n \r\n\r\nA la vista se manifiesta de color amarillo con reflejos dorados y verdosos. Su aroma es a manzanas y membrillos con toques de miel y flores blancas. Mientras que en boca es redondo, aterciopelado, de acidez equilibrada y destacada persistencia.', '50.00', '50.00', '0.21', 1, '2015-02-17 02:01:48', '2015-02-18 21:49:22', 7),
(7, NULL, 36, 'El GRAN ENEMIGO', '112266', 'Corte de Cabernet Franc, Petit Verdot y Malbec (no tenemos los porcentajes). En vista un púrpura profundo con reflejos rubí. En nariz dulce, fruta en compota y notas de chocolate y vainilla.  En boca ataca dulce, algo astringente, de gran cuerpo y marcada acidez\r\n\r\nElaborado con Cabernet Franc, Malbec y otras uvas que el enólogo no develó. Sólo se elaboran 3.200 botellas. “Lleva mucho trabajo de cosecha, las uvas se levantan en 7 momentos diferentes de la temporada”, dijo Vigil.', '700.00', '500.00', '0.21', 1, '2015-02-18 13:30:37', '2015-02-18 21:49:22', 8),
(8, NULL, 36, 'SIESTA  - CAVERNET FRANC', '112277', 'Rojo Carmín muy intenso. Aroma: muy frutado, con notas de frutos rojos, zarzamora, cassis y guindas negras. Especiado.', '260.00', '0.00', '0.21', 1, '2015-02-18 14:07:49', '2015-02-19 14:04:34', 14),
(9, NULL, 36, 'SAINT FELICIEN - CABENET SAUVIGNON', '242-11', 'Saint Felicien Cabernet Sauvignon 2008 es un vino elegante y complejo, de color rojo rubí profundo. Se perciben en este vino aromas a frutas rojas, como cerezas y ciruelas maduras, junto a fragancias especiadas, tal como pimienta negra, y notas suaves de eucaliptus. En la boca resulta un vino complejo, de buen cuerpo y estructura, taninos suaves, maduros y excelente longitud e intensidad. En el final de boca aparecen delicados sabores tostados y a vainilla.\r\n\r\nAlejandro Vigil, Enólogo Jefe', '155.00', '0.00', '0.21', 1, '2015-02-19 14:00:38', '2015-02-26 19:20:58', 3),
(11, NULL, 36, 'DV Catena Syrah-Syrah.', '2301-10', 'Es un vino elegante y complejo, de gran concentración, color violeta oscuro con matices negros. A la nariz, intenso y complejo, presenta aromas de moras maduras, ciruelas y cuero, con ligeras notas de vainilla, tabaco y licor. En boca, de impacto dulce en un comienzo y gran complejidad, es amplio con taninos suaves y redondos que le otorgan una gran armonía final.', '265.00', '0.00', '0.21', 1, '2015-02-25 18:55:55', '2015-02-26 19:33:49', 0),
(12, NULL, 38, 'DV Catena Nature.', '2350-NV.', 'El vino base de este espumante natural se elaboró con uvas Chardonnay y Pinot Noir provenientes de nuestros viñedos en Tupungato. Tanto el Chardonnay como el Pinot Noir son clones seleccionados típicos para la elaboración de espumantes naturales.\r\nEl Chardonnay es muy intenso aromáticamente, elegante y de gran longitud, aportando al vino base la expresión aromática.\r\nEl Pinot Noir de racimos pequeños y de gran equilibrio ácido aporta al corte la estructura y complejidad.\r\nEl agregado del licor de Tiraje para la toma de espuma se realizó en el mes de Mayo de 2006, operación netamente artesanal destinada a lograr la refermentación en botella.', '460.00', '0.00', '0.21', 1, '2015-02-25 20:45:55', '2015-02-25 20:45:55', 0),
(13, NULL, 36, 'angelica zapata-cabernet sauvignion', '297-10', 'Angélica Zapata Malbec 2008 es un blend proveniente de uvas Malbec de diferentes viñedos. El resultado es un vino de gran concentración y elegancia.\r\nEl viñedo Angélica aporta aromas de ciruelas maduras, mermelada de frutos rojos, suavidad y volumen al paladar.\r\nLa Pirámide entrega aromas de frutos negros de carozo y notas especiadas de pimienta negra y clavo de olor.\r\nNicasia cuartel 2, aporta frutos rojos del bosque , frescura y elegancia. El cuartel 3 de Adrianna presenta aromas florales intensos que recuerdan a violeta y lavanda, mientras que el cuartel 9 de este viñedo aporta un color violeta oscuro y profundo, aroma de frutos negros maduros, notas minerales y un largo final en boca .\r\nEstos cinco elementos se conjugan de manera excepcional otorgando una gran complejidad al blend final. Ideal para acompañar un gran asado argentino.\r\n\r\n\r\nAlejandro Vigil, Enólogo Jefe', '320.00', '0.00', '0.21', 1, '2015-02-26 14:58:25', '2015-02-26 14:58:25', 0),
(14, NULL, 36, 'angelica zapata-cabernet sauvignion alta', '297-10', 'Angélica Zapata Cabernet Sauvignon 2007 es un vino elegante y complejo, de color rojo rubí profundo. Se perciben en este vino aromas a frutas rojas, como cassis, cerezas y ciruelas maduras, junto a fragancias especiadas, tal como pimienta negra , clavo de olor, y notas suaves de orégano y tomillo. En la boca resulta un vino complejo, de buen cuerpo y estructura, taninos bien integrados, maduros, de excelente longitud e intensidad. El paso por roble aporta sabores especiados y vainilla.', '320.00', '0.00', '0.21', 1, '2015-02-26 15:23:24', '2015-03-02 18:51:03', 2),
(17, NULL, 36, 'Angelica Zapata-merlot alta', '298-10', 'Angélica Zapata Merlot 2007, es un vino elegante y complejo de color rojo violáceo con destellos rubíes, de nariz delicada, donde sobresalen aromas que recuerdan a de frutos rojos del bosque y notas suaves de especias como pimienta negra y clavo de olor, aportados por las uvas del viñedo La Pirámide , y aromas a frutos rojos y negros maduros como cassis y grosellas aportados por las uvas de Nicasia y Adrianna. El paso por roble aporta notas suaves de especias y vainilla. En boca de impacto dulce y cuerpo medio, muy equilibrado con la acidez, se perciben taninos muy suaves y redondos que ofrecen un final longevo y agradable', '330.00', '0.00', '0.21', 1, '2015-02-26 16:13:17', '2015-03-02 18:51:03', 2),
(18, NULL, 36, 'Angelica Zapata-cabernet franc alta', '2700-10', 'El Angélica Zapata Cabernet Franc Alta, cosecha 2006 presenta un color rojo rubí con suaves tonalidades violáceas.\r\nPosee aroma intenso y concentrado con notas de cassis, grosellas maduras, y toques de vainilla y especias dulces como pimienta negra y clavo de olor.\r\nDe impacto dulce y excelente estructura en boca, muestra frutos rojos maduros con marcados dejos a eucalipto y pimienta negra.\r\nEste vino, de excelente balance y elegancia, posee ahora un final bien estructurado y persistente y se prevé que evolucionará favorablemente en botella hasta por lo menos el año 2021', '350.00', '0.00', '0.21', 1, '2015-02-26 16:27:56', '2015-03-02 18:51:03', 2),
(19, NULL, 37, 'Angelica Zapata- chardonnay alta', '296-11', 'Angélica Chardonnay 2007 es un “single vineyard” que refleja características propias de la zona de gran altitud en donde se origina. Con días soleados y cálidos, y noches frescas al pie del Cordón del Plata, las uvas de Chardonnay adquieren una madurez plena y bien balanceada. Su color es amarillo intenso con reflejos verdosos claros. En nariz se presenta concentrado e intenso, con aromas de frutas cítricas y un toque mineral. En boca, de impacto dulce, untuoso, es brillante y fresco con sabores a frutas maduras, notas de vainilla y una excelente acidez natural que le otorga un final largo y persistente.', '320.00', '0.00', '0.21', 1, '2015-02-26 16:32:19', '2015-02-26 18:38:18', 0),
(20, NULL, 36, 'CABERNET FRANC - VIÑEDO ADRIANNA - GUALTALLARY', '2705-10', 'Angelica Zapata Adrianna Vineyard Cabernet Franc, proviene de una selección de plantas ubicadas en diferentes lugares del mismo viñedo.\r\n\r\nSe seleccionan los mejores racimos de todo el viñedo y  se asegura la obtención de un vino que expresa toda la complejidad, potencia y características de esa zona.  Es el resultado de cerca de 40 vinificaciones diferentes que se combinan para formar el vino final. El viñedo se sitúa a 1470 metros de altura y posee plantas de 22 años de edad.', '1140.00', '0.00', '0.21', 1, '2015-02-26 17:37:42', '2015-03-02 18:51:04', 2),
(21, NULL, 36, 'Landon Cabernet-Malbec', '430-08', 'En vista aparece con un color rojo violáceo intenso de centro casi negro.\r\nEn nariz mucha fruta roja madura y aportes de vainilla muy intenso.\r\nEn Boca ataca dulce, con taninos activos que se van a ir domando y un final medio a medio largo.\r\nA pesar de los taninos, ( que no molestan en absoluto) tiene una buena estructura y está para tomar ahora', '150.00', '0.00', '0.21', 1, '2015-02-26 18:18:33', '2015-03-02 18:51:04', 2),
(22, NULL, 36, 'DV Catena-Cabernet-Cabernet', '2201-10', 'El Cabernet Sauvignon, proviene del Lote 3 del Viñedo La Pirámide. Estas viñas fueron plantadas en 1983 y otorgan un nivel excepcional de balance y homogeneidad, desde la producción y distribución total de racimos al tamaño y densidad de la canopia en la planta. Las uvas de Cabernet Sauvignon de este lote poseen un sabor intenso a cassis y una excelente estructura. El segundo componente del Cabernet Sauvignon fue obtenido del lote 2 del viñedo Domingo. Esta mayor altitud y viñedos con climas más frescos otorgan aromas a cerezas negras maduras, con un leve toque mineral y notas de orègano y tomillo.\r\n\r\nDomingo Vicente Catena Cabernet Sauvignon 2006, presenta un color rojo rubí intenso con reflejos violáceos oscuros.\r\nEn nariz ofrece aromas complejos, que recuerdan a cassis, frambuesas, entretejidos con especias dulces como pimienta negra y clavo de olor, cedro y cuero, con notas minerales de grafito . Intenso y de buen cuerpo, este vino de destacable elegancia, presenta textura suave y excelente equilibrio. Su acidez y taninos suaves le otorgan una estructura bien definida, coronada en un final largo y persistente.', '410.00', '0.00', '0.21', 1, '2015-02-26 19:05:12', '2015-02-26 19:06:14', 0),
(23, NULL, 36, 'EL GRAN ENEMIGO CORTE (Cabernet Franc - Malbec)', '487-09MI', 'Este Blend a base de Cabernet Franc fue elaborado a partir de uvas plantadas en Gualtallary, una de las regiones más prometedoras del Valle de Uco, Mendoza. Aquí, Alejandro Vigil y Adrianna Catena decidieron plantar algunos pocos varietales en un terroir de pocas hectáreas, buscando aprovechar al máximo las características de un microclima fantástico e ideal para la elaboración de vinos genuinos y con gran personalidad.\r\nDe introspectivo bouquet, despierta aromas licorosos, de regaliz, laurel y olivos negros. En boca se muestra de cuerpo completo, con presencia de fruta negra, sobre un exquisito equilibrio y aplomo. Se trata de un vino diseñado para el largo plazo, y para serles sincero, pienso que es uno de los mejores cortes a base de Cabernet Franc que he encontrado. Se expande en la boca y, sin embargo, nunca llega a ser dominante en el final, percibiéndose el viejo cliché un puño de hierro en un guante de terciopelo. Este intuitivo Cabernet Franc fue maravillosamente mezclado con sus damas de honor, Petit Verdot y Malbec', '610.00', '0.00', '0.21', 1, '2015-02-27 04:04:13', '2015-02-27 04:06:37', 0),
(24, NULL, 36, 'EL GRAN ENEMIGO AGRELO SINGLE VINEYARD CABERNET FRANC', '496-10', 'Al igual que su hermano de Gualtallary, este ejemplar de Agrelo sorprende por su extrema delicadeza y personalidad. De color rojizo oscuro, despliega aromas frutados, de ciruelas negras maduras, y algunas sutiles notas minerales y especiadas. En boca es sumamente elegante y expresivo, con taninos sedosos, mucha complejidad y notas memorables de frutos negros y especias tenues. Su final expresa notables rasgos propios, y es claro el mensaje en relación al terroir. Una creación superlativa.', '795.00', '0.00', '0.21', 1, '2015-02-27 04:18:11', '2015-02-27 04:19:10', 0),
(25, NULL, 36, 'EL ENEMIGO BONARDA', '485-11MI', 'De intenso color violeta con destellos azulados. Sobresale el aroma a compota de frambuesas, cerezas negras, chocolate y licor con notas especiadas. En boca sus taninos son aterciopelados, sedosos, con matices de anis y vainilla.', '380.00', '0.00', '0.21', 1, '2015-02-27 04:33:37', '2015-02-27 04:36:07', 0),
(26, NULL, 36, 'EL ENEMIGO MALBEC', '480-10', 'Color púrpura denso y brillante, lágrimas lentas y gruesas que tiñen y un residuo al final que muestra no ser un vino filtrado. Los aromas son plenos típicos des buenos malbecs argentinos con fresas maduras, cedro, café tostado, chocolate... En boca tiene buen cuerpo, buena acidéz, taninos firmes de buena calidad y mucha fruta. Buena persistencia y nada de amargo.', '335.00', '0.00', '0.21', 1, '2015-02-27 04:46:22', '2015-02-27 04:47:21', 0),
(27, NULL, 37, 'EL ENEMIGO CHARDONNAY', '488-11MI', 'De color dorado verdoso opaco. En nariz ofrece notas florales y vegetales, que afirman su costado silvestre, aunque con delicadeza. También se observan algunos aromas que recuerdan el marcado paso por roble, que para esta etiqueta se extendió durante 12 meses. En boca revela nuevamente su perfil algo indomable, con frescura y elegancia, pero a la vez con mucha personalidad, como buscando romper el molde, aunque no demasiado. Su final es armonioso, delicado y dotado de mucha impronta.', '245.00', '0.00', '0.21', 1, '2015-02-27 04:52:24', '2015-02-27 04:53:20', 0),
(28, NULL, 36, 'EL ENEMIGO CABERNET FRANC', '493-10', 'Este vino se presenta de un color con tonalidades que recuerdan a la cereza, de capa media alta, con ribetes púrpura, En nariz es un abanico de de aromas, principalmente los de fruta roja y alguna notas que nos recuerda a la fruta negra (ciruela, grosellas, moras), notas florales y sutiles notas vegetales. En boca es algo goloso, pero sin perder su frescura amable sin toboganes, con un paso firme y no demasiado rápido, dejando el paladar bastante impregnado. Tanínos finos bien integrados, la fruta siempre aparece por encima de la madera, final largo y con recuerdos muy agradables', '280.00', '0.00', '0.21', 1, '2015-02-27 05:14:46', '2015-02-27 05:16:00', 0),
(30, NULL, 36, 'Alamos-Malbec', '330-13', 'Su color presenta un profundo color púrpura con reflejos violeta. Su aroma remite a intensos frutos negros con ligeras notas florales y de tostado. En boca es un vino de gran concentración, con pronunciados sabores a casis y frambuesas y un leve dejo a chocolate y especias dulces provenientes del añejamiento en roble. El final es largo con taninos maduros y sedosos.', '113.00', '0.00', '0.21', 1, '2015-02-27 14:36:18', '2015-02-27 14:36:18', 0),
(31, NULL, 36, 'Alamos-Cabernet', '335-13', 'Ofrece a la vista un profundo color púrpura, acompañado por reflejos rubíes. En nariz despliega aromas que recuerdan a frutos rojos maduros, especias dulces y tabaco. En boca se distinguen notas delicadas de grosellas y casis, y un leve toque de cedro y café. El final es dulce, suave, con taninos firmemente integrados, que aportan buena estructura y longitud.', '110.00', '0.00', '0.21', 1, '2015-02-27 14:48:51', '2015-02-27 14:50:27', 0),
(32, NULL, 36, 'Alamos-Pinot Noir', '3160-13', 'El color era de un rojo de buen brillo con algunas notas evolucionadas, delgadas y largas lágrimas. Nada de colores extremos, sino pura sutileza cromática. Aromas a frutillas y madera, algo de café. En boca fue ameno, bien Pinot Noir, con un largo final de fruta roja.\r\nConcluyendo, los Pinot Noir patagónicos se imponen sin dudas, pero en Mendoza hay algunos grandes exponentes como éste. Un vino suave, no muy complejo, ideal para tomar cuando quieras algo fácil y bueno.', '110.00', '0.00', '0.21', 1, '2015-02-27 14:55:20', '2015-02-27 14:55:20', 0),
(33, NULL, 36, 'Alamos Malbec', '3230-13', 'De profundo color púrpura, con reflejos violáceos. Su aroma remite a intensos frutos negros, acompañados por notas florales y tostadas. En boca se muestra concentrado y frutal, con sabores que recuerdan a casis, frambuesas, chocolate y especias dulces. Su final es prolongado, con taninos dulces y sedosos', '67.00', '0.00', '0.21', 1, '2015-02-27 14:56:30', '2015-02-27 14:56:30', 0),
(34, NULL, 37, 'Alamos-Suavignon Blanc', '3130-13sc', 'A la vista el vino Sauvignon Blanc presenta un color amarillo verdoso, llegando a presentarse levemente verdoso con reflejos dorados. Los aromas primarios que emanan del Sauvignon Blanc son herbáceos, recuerdan a pasto recién cortado, la miel, el bizcocho, ananá, mango, espárragos, pomelo rosado, miel. A la boca el Sauvignon Blanc presenta un cantidad de ácidos notables, de gran personalidad y con sabores a pasto, pomelos rosados y en ciertos casos a yesca-pedernal.', '110.00', '0.00', '0.21', 1, '2015-02-27 15:11:57', '2015-02-27 15:11:57', 0),
(35, NULL, 36, 'MALBEC MACERACIÓN ATENUADA', '3190-13SC', 'VISTA: Rojo cereza de baja intensidad, producto de su corta maceración.\r\n\r\nNARIZ: Presenta aromas a frutos rojos frescos como frambuesa y frutilla con algunas notas cítricas que recuerdan al pomelo rosado.\r\n\r\nBOCA: En boca, al principio de impacto dulce e inmediatamente equilibrado por la frescura de su acidez natural, se presenta amable, sutil y longevo.', '110.00', '0.00', '0.21', 0, '2015-02-27 15:23:08', '2015-03-21 00:13:42', 0),
(37, NULL, 36, 'Alamos- Malbec Maceración Atenuada. (media)', '3190-13SC', 'Rojo cereza de baja intensidad, producto de su corta maceración.\r\nPresenta aromas a frutos rojos frescos como frambuesa y frutilla con algunas notas cítricas que recuerdan al pomelo rosado.\r\nEn boca, al principio de impacto dulce e inmediatamente equilibrado por la frescura de su acidez natural, se presenta amable, sutil y longevo.', '65.00', '0.00', '0.21', 1, '2015-02-27 16:13:28', '2015-02-27 19:26:50', 0),
(38, NULL, 37, 'Alamos-Chardonnay', '341-13sc', 'De color amarillo oro con reflejos verdosos, ofrece intensos aromas a fruta tropical, cítricos y atractivas notas florales.\r\n\r\nEn boca es un vino de gran concentración, con pronunciados sabores a peras e higos, suavemente entrelazados con notas de vainilla y especias dulces provenientes del añejamiento en roble. El final es limpio y fresco, con una acidez vivaz y refrescante.', '110.00', '0.00', '0.21', 1, '2015-02-27 16:17:30', '2015-02-27 16:17:30', 0),
(39, NULL, 37, 'Alamos-Chardonnay (de media)', '3390-13', 'De color amarillo oro con reflejos verdosos, ofrece intensos aromas a fruta tropical, cítricos y atractivas notas florales. En boca es un vino de gran concentración, con pronunciados sabores a peras e higos, suavemente entrelazados con notas de vainilla y especias dulces provenientes del añejamiento en roble. El final es limpio y fresco, con una acidez vivaz y refrescante.', '65.00', '0.00', '0.21', 1, '2015-02-27 16:30:46', '2015-02-27 17:07:34', 0),
(40, NULL, 38, 'Alamos-Extra Brut', '325-NV', 'El vino base de este espumante natural se elaboró con uvas Chardonnay y Pinot Noir provenientes de nuestros viñedos en Tupungato. Tanto el Chardonnay como el Pinot Noir son clones seleccionados típicos para la elaboración de espumantes naturales.\r\nEl Chardonnay es muy intenso aromáticamente, elegante y de gran longitud, aportando al vino base la expresión aromática. El Pinot Noir de racimos pequeños y de gran equilibrio ácido aporta al corte la estructura y complejidad.', '155.00', '0.00', '0.21', 1, '2015-02-27 16:49:44', '2015-02-27 16:49:44', 0),
(41, NULL, 37, 'Alamos Moscatel De Alejendria.', '428', 'De color amarillo pálido con reflejos verdosos, es muy fresco, de equilibrada acidez y dulzor natural. Un vino muy fragante, con aromas a duraznos, kiwis y dejos de jazmines.', '110.00', '0.00', '0.21', 1, '2015-02-27 16:55:30', '2015-02-27 19:08:10', 0),
(42, NULL, 38, 'Alamos-Extra Brut (de media)', '3250-NV', 'El vino base de este espumante natural se elaboró con uvas Chardonnay y Pinot Noir provenientes de nuestros viñedos en Tupungato. Tanto el Chardonnay como el Pinot Noir son clones seleccionados típicos para la elaboración de espumantes naturales.\r\nEl Chardonnay es muy intenso aromáticamente, elegante y de gran longitud, aportando al vino base la expresión aromática. El Pinot Noir de racimos pequeños y de gran equilibrio ácido aporta al corte la estructura y complejidad.', '82.00', '0.00', '0.21', 1, '2015-02-27 16:56:55', '2015-02-27 16:56:55', 0),
(43, NULL, 38, 'Alamos Brut Rosé. Alamos', '409-NV-MI.', 'De suave color salmón y delicada espuma.', '155.00', '0.00', '0.21', 1, '2015-02-27 17:07:57', '2015-02-27 19:05:59', 0),
(44, NULL, 36, 'Alamos-Malbec (estuche x 2)', '3170-13', 'De profundo color púrpura, con reflejos violáceos. Su aroma remite a intensos frutos negros, acompañados por notas florales y tostadas. En boca se muestra concentrado y frutal, con sabores que recuerdan a casis, frambuesas, chocolate y especias dulces. Su final es prolongado, con taninos dulces y sedosos', '280.00', '0.00', '0.21', 1, '2015-02-27 18:49:39', '2015-03-08 18:47:53', 0),
(45, NULL, 36, 'Alamos-Cabernet (estuche x2)', '3820-10', 'Ofrece a la vista un profundo color púrpura, acompañado por reflejos rubíes. En nariz despliega aromas que recuerdan a frutos rojos maduros, especias dulces y tabaco. En boca se distinguen notas delicadas de grosellas y casis, y un leve toque de cedro y café. El final es dulce, suave, con taninos firmemente integrados, que aportan buena estructura y longitud.', '270.00', '0.00', '0.21', 1, '2015-02-27 18:51:38', '2015-03-08 18:50:49', 0),
(46, NULL, 38, 'Alamos Extra Brut', '368-NV', 'El vino base de este espumante natural se elaboró con uvas Chardonnay y Pinot Noir provenientes de nuestros viñedos en Tupungato. Tanto el Chardonnay como el Pinot Noir son clones seleccionados típicos para la elaboración de espumantes naturales.\r\nEl Chardonnay es muy intenso aromáticamente, elegante y de gran longitud, aportando al vino base la expresión aromática.\r\nEl Pinot Noir de racimos pequeños y de gran equilibrio ácido aporta al corte la estructura y complejidad.\r\nLuego de la Toma de Espuma y el agregado del licor de expedición, el resultado es este espléndido Espumante Natural, que presenta excelente calidad y persistencia en la burbuja. Sus aromas recuerdan a flores blancas y frutos cítricos con notas de pan fresco. En boca resulta de gran estructura y medio paladar, con un final fresco y muy longevo.', '215.00', '0.00', '0.21', 1, '2015-02-27 18:55:54', '2015-02-27 18:55:54', 0),
(47, NULL, 37, 'Nicasia Vineyards-Blanc de Blancs', '422-12-ML', 'Se perciben en este vino deliciosos sabores a frutos blancos y de durazno  aportados por el Viognier, junto a delicadas notas florales típicas de la variedad Gewürztraminer y frescos dejos cítricos  propios del Sauvignon Blanc. El paso por roble incrementa aún más la complejidad de este vino, otorgando sutiles notas de miel.', '130.00', '0.00', '0.21', 1, '2015-02-27 19:07:48', '2015-02-27 19:07:48', 0),
(48, NULL, 36, 'Nicasia Vineyards-Red Blend Malbec', '420-12ML', 'Se perciben en este vino intensos y dulces sabores a ciruelas y moras maduras aportados por el Malbec, junto a sutiles notas especiadas conferidos por el Cabernet Sauvignon y el Petit Verdot. El paso por roble incrementa aún más la complejidad de este vino, otorgando ligeras notas de vanilla y café.', '138.00', '0.00', '0.21', 1, '2015-02-27 19:31:02', '2015-02-27 19:31:02', 0),
(49, NULL, 36, 'Alamos-Malbec Maceración Atenuada', '3190-13SC', 'Rojo cereza de baja intensidad, producto de su corta maceración. Presenta aromas a frutos rojos frescos como frambuesa y frutilla con algunas notas cítricas que recuerdan al pomelo rosado. En boca, al principio de impacto dulce e inmediatamente equilibrado por la frescura de su acidez natural, se presenta amable, sutil y longevo.', '110.00', '0.00', '0.21', 1, '2015-02-27 19:45:28', '2015-02-27 19:45:28', 0),
(50, NULL, 36, 'Nicasia Vineyards-Red Blend Cabernet Franc', '421-12ML', 'Se perciben en este vino elegantes notas herbáceas y de anís aportadas por el Cabernet Franc, junto a vivaces frutos negros y especias conferidos por el Merlot y el Petit Verdot. El paso por roble incrementa aún más la complejidad de este vino, otorgando delicados toques ahumados y de tostado.', '130.00', '0.00', '0.21', 1, '2015-02-27 21:04:44', '2015-02-27 21:04:44', 0),
(51, NULL, 36, 'SAINT FELICIEN - CABENET MERLOT', '247-10', 'Saint Felicien Cabernet-Merlot 2007, es un vino elegante y complejo, de color rojo rubí intenso. A la nariz, presenta aromas de especias y frutos negros maduros como el cassis con notas de menta y eucaliptus aportadas por el Cabernet, combinadas con fragancias de mermeladas y frutos confitados aportados por el Merlot. El roble hace su aporte con notas ligeras de vainilla y tabaco. En boca, de impacto dulce y gran complejidad, es untuoso, de buen cuerpo, con taninos suaves y redondos, de final largo y persistente.', '155.00', '0.00', '0.21', 1, '2015-02-27 21:18:58', '2015-02-27 21:18:58', 0),
(52, NULL, 36, 'Saint Felicien-Malbec', '265-12', 'Saint Felicien Malbec es un vino elegante y complejo, de color violeta oscuro y profundo, típico de los malbecs argentinos. A la nariz, intenso y concentrado, presenta aromas de moras maduras con notas ligeras de vainilla, tabaco y licor. En boca, de impacto dulce y gran complejidad, es untuoso, con taninos suaves y redondos característicos del viñedo Angélica.', '155.00', '0.00', '0.21', 1, '2015-02-27 21:24:38', '2015-02-27 21:24:38', 0),
(53, NULL, 36, 'SAINT FELICIEN - CABENET MERLOT (De media).', '2470-11', 'Saint Felicien Cabernet-Merlot 2007, es un vino elegante y complejo, de color rojo rubí intenso. A la nariz, presenta aromas de especias y frutos negros maduros como el cassis con notas de menta y eucaliptus aportadas por el Cabernet, combinadas con fragancias de mermeladas y frutos confitados aportados por el Merlot. El roble hace su aporte con notas ligeras de vainilla y tabaco. En boca, de impacto dulce y gran complejidad, es untuoso, de buen cuerpo, con taninos suaves y redondos, de final largo y persistente.', '100.00', '0.00', '0.21', 1, '2015-02-27 21:27:36', '2015-02-27 21:27:36', 0),
(54, NULL, 36, 'Saint Felicien-Malbec (de media)', '2652-12', 'Saint Felicien Malbec es un vino elegante y complejo, de color violeta oscuro y profundo, típico de los malbecs argentinos. A la nariz, intenso y concentrado, presenta aromas de moras maduras con notas ligeras de vainilla, tabaco y licor. En boca, de impacto dulce y gran complejidad, es untuoso, con taninos suaves y redondos característicos del viñedo Angélica.', '100.00', '0.00', '0.21', 1, '2015-02-27 21:33:24', '2015-02-27 21:33:24', 0),
(55, NULL, 36, 'Saint Felicien-Malbec (1500cc)', '2654-11', 'Saint Felicien Malbec es un vino elegante y complejo, de color violeta oscuro y profundo, típico de los malbecs argentinos. A la nariz, intenso y concentrado, presenta aromas de moras maduras con notas ligeras de vainilla, tabaco y licor. En boca, de impacto dulce y gran complejidad, es untuoso, con taninos suaves y redondos característicos del viñedo Angélica.', '290.00', '0.00', '0.21', 1, '2015-02-27 21:43:01', '2015-02-27 21:43:01', 0),
(56, NULL, 36, 'SAINT FELICIEN -SYRAH', '270-10', 'Saint Felicien Syrah 2008, es un vino elegante y complejo, de color violeta, oscuro y profundo. A la nariz, intenso y concentrado, presenta aromas de moras maduras, ciruelas y cuero, con notas ligeras de vainilla, tabaco y licor. En boca, de impacto dulce y gran complejidad, es untuoso, con taninos suaves y redondos que le otorgan una gran armonía final. Un vino ideal para acompañar pastas y carnes rojas como el cordero, o simplemente para beberlo y disfrutarlo con frutas secas y chocolate.', '155.00', '0.00', '0.21', 1, '2015-02-27 21:48:14', '2015-02-27 21:48:14', 0),
(57, NULL, 37, 'SAINT FELICIEN- CHARDONNAY (ELAB. EN ROBLE)', '245-13', 'Saint Felicien 2009 refleja características propias de la zona que le da origen. Con días soleados y cálidos, y noches frescas, las uvas de Chardonnay adquieren una madurez plena y bien balanceada. Su color es amarillo intenso con reflejos verdosos claros. De gran complejidad y elegancia, en nariz se presenta concentrado e intenso, con aromas de frutas tropicales maduras, peras, durazno blanco y vainilla. En boca, de impacto dulce y untuoso , muy bien balanceado por la acidez, con sabores a frutas maduras y notas ligeras de vainilla y tostado, que le brindan un excelente y prolongado final.', '155.00', '0.00', '0.21', 1, '2015-02-27 21:54:22', '2015-03-08 17:41:50', 0),
(58, NULL, 37, 'SAINT FELICIEN- CHARDONNAY (ELAB. EN ROBLE) (De Media)', '2440-13', 'Saint Felicien 2009 refleja características propias de la zona que le da origen. Con días soleados y cálidos, y noches frescas, las uvas de Chardonnay adquieren una madurez plena y bien balanceada. Su color es amarillo intenso con reflejos verdosos claros. De gran complejidad y elegancia, en nariz se presenta concentrado e intenso, con aromas de frutas tropicales maduras, peras, durazno blanco y vainilla. En boca, de impacto dulce y untuoso , muy bien balanceado por la acidez, con sabores a frutas maduras y notas ligeras de vainilla y tostado, que le brindan un excelente y prolongado final', '110.00', '0.00', '0.21', 1, '2015-02-27 21:59:20', '2015-03-08 17:37:11', 0),
(59, NULL, 37, 'SAINT FELICIEN SAUVIGNON BLANC', '266-13', 'Saint Felicien – Sauvignon Blanc 2010 a la vista presenta color amarillo pálido con reflejos verdosos. Intenso en nariz y de gran frescura, recuerda a flores de ruda y frutos cítricos. En boca, fresco y mineral, con acidez marcada que lo hace largo y persistente.\r\nExcelente para acompañar pescados y frutos de mar.', '155.00', '0.00', '0.21', 1, '2015-02-27 22:02:39', '2015-03-08 17:33:28', 0),
(60, NULL, 37, 'SAINT FELICIEN-SEMILLÓN DOUX', '1800-08', 'De color amarillo intenso y destellos dorados, en nariz es complejo, con reminiscencias a miel y frutas cítricos , con suaves notas de anís y vainilla. En boca, de impacto dulce y gran permanencia, con notas almibaradas y cítricas, muy bien equilibrado por la acidez. Recomendado para tablas de quesos y postres criollos.', '205.00', '0.00', '0.21', 1, '2015-02-27 22:06:19', '2015-03-08 17:29:01', 0),
(61, NULL, 36, 'Saint Felicien-Cabernet Franc', '2540-10', 'Saint Felicien Cabernet Franc es un vino elegante y complejo, de color rojo rubí profundo. \r\nSus aromas recuerdan a frutas rojas, como cassis y grosellas, suavemente entrelazadas con pimienta negra y clavo de olor. En boca es un vino complejo, de excelente estructura, con taninos suaves y aterciopelados.', '165.00', '0.00', '0.21', 1, '2015-02-27 22:08:39', '2015-03-08 17:47:28', 0),
(62, NULL, 38, 'SAINT FELICIEN-NATURE (Espumante)', '267-NV', 'El vino base de este espumante natural se elaboró con uvas Chardonnay y Pinot Noir provenientes de nuestros viñedos en Tupungato. Tanto el Chardonnay como el Pinot Noir son clones seleccionados típicos para la elaboración de espumantes naturales.\r\nEl Chardonnay es muy intenso aromáticamente, elegante y de gran longitud, aportando al vino base la expresión aromática.\r\nEl Pinot Noir de racimos pequeños y de gran equilibrio ácido aporta al corte la estructura y complejidad.\r\nEl agregado del licor de Tiraje para la toma de espuma se realizó en el mes de Mayo de 2006, operación netamente artesanal destinada a lograr la refermentación en botella.\r\nDespués del período de reposo sobre lías, se realizó el golpe de puño y el removido de borras sobre pupitres durante un mes.\r\nLuego del Degüello, operación destinada a eliminar las lías y a dar la terminación, el resultado es este espléndido Espumante Natural, que presenta excelente calidad y persistencia en la burbuja. Sus aromas recuerdan a flores blancas y frutos cítricos con notas de pan fresco y levadura.\r\nEn boca resulta de gran estructura y agradable sensación cremosa, con un final fresco y muy longevo', '240.00', '0.00', '0.21', 1, '2015-02-27 22:09:08', '2015-03-08 17:25:21', 0),
(63, NULL, 36, 'Saint Felicien-Cabernet Franc (de media)', '2541-11', 'Saint Felicien Cabernet Franc es un vino elegante y complejo, de color rojo rubí profundo. Sus aromas recuerdan a frutas rojas, como cassis y grosellas, suavemente entrelazadas con pimienta negra y clavo de olor. En boca es un vino complejo, de excelente estructura, con taninos suaves y aterciopelados.', '100.00', '0.00', '0.21', 1, '2015-02-27 22:24:15', '2015-03-08 18:46:51', 0),
(64, NULL, 36, 'Saint Felicien-Tributo a Clorindo Testa (malbec)', '442-08', 'Saint Felicien Clorindo Testa Malbec 2008, es un vino creado en honor a dicho artista, un tributo al arte de la pintura combinado con el arte de hacer un gran vino. Es una Edición Limitada de 80 barricas de Malbec, elaborado con uvas provenientes de viñedos ubicados a diferentes alturas. Se caracteriza por su complejidad, elegancia y su largo y persistente final de boca.', '330.00', '0.00', '0.21', 1, '2015-03-03 19:14:41', '2015-03-08 17:44:57', 0),
(65, NULL, 36, 'Saint Felicien-Tributo a Miguel Brasco (corte)', '2656-12', 'El homenaje al célebre escritor, dibujante y crítico gastronómico Miguel Brascó es un gran vino; más precisamente, un vino de corte -cabernet sauvignon, cabernet franc y merlot.', '310.00', '0.00', '0.21', 1, '2015-03-10 18:55:38', '2015-03-10 18:55:38', 0),
(66, NULL, 36, 'Saint Felicien-Cabernet Sauvignon (estuche)', '268-10', 'Saint Felicien Cabernet Sauvignon es un vino elegante y complejo, de color rojo rubí profundo. Se perciben en este vino aromas a frutas rojas, como cerezas y ciruelas maduras, junto a fragancias especiadas, tal como pimienta negra, y notas suaves de eucaliptus. En la boca resulta un vino complejo, de buen cuerpo y estructura, taninos suaves, maduros y excelente longitud e intensidad. En el final de boca aparecen delicados sabores tostados y a vainilla', '230.00', '0.00', '0.21', 1, '2015-03-10 19:25:22', '2015-03-10 19:25:22', 0),
(67, NULL, 36, 'Saint Felicien-Cabernet Franc (estuche)', '2542-10', 'Saint Felicien Cabernet Franc es un vino elegante y complejo, de color rojo rubí profundo. \r\nSus aromas recuerdan a frutas rojas, como cassis y grosellas, suavemente entrelazadas con pimienta negra y clavo de olor. En boca es un vino complejo, de excelente estructura, con taninos suaves y aterciopelados.', '245.00', '0.00', '0.21', 1, '2015-03-10 19:48:14', '2015-03-10 19:48:14', 0),
(68, NULL, 36, 'Saint Felicien-Cabernet Sauvignon (estuche x2)', '1801-11', 'Saint Felicien Cabernet Sauvignon es un vino elegante y complejo, de color rojo rubí profundo. Se perciben en este vino aromas a frutas rojas, como cerezas y ciruelas maduras, junto a fragancias especiadas, tal como pimienta negra, y notas suaves de eucaliptus. En la boca resulta un vino complejo, de buen cuerpo y estructura, taninos suaves, maduros y excelente longitud e intensidad. En el final de boca aparecen delicados sabores tostados y a vainilla', '445.00', '0.00', '0.21', 1, '2015-03-12 11:54:07', '2015-03-12 11:54:07', 0),
(69, NULL, 36, 'Saint Felicien-Cabernet Merlot (estuche)', '1802-10', 'Saint Felicien Cabernet-Merlot, es un vino elegante y complejo, de color rojo rubí intenso. A la nariz, presenta aromas de especias y frutos negros maduros como el cassis con notas de menta y eucaliptus aportadas por el Cabernet, combinadas con fragancias de mermeladas y frutos confitados aportados por el Merlot. El roble hace su aporte con notas ligeras de vainilla y tabaco. En boca, de impacto dulce y gran complejidad, es untuoso, de buen cuerpo, con taninos suaves y redondos, de final largo y persistente.', '230.00', '0.00', '0.21', 1, '2015-03-12 12:09:39', '2015-03-12 12:09:39', 0),
(70, NULL, 36, 'Saint Felicien-Malbec (estuche)', '269-11', 'Saint Felicien Malbec es un vino elegante y complejo, de color violeta oscuro y profundo, típico de los malbecs argentinos. A la nariz, intenso y concentrado, presenta aromas de moras maduras con notas ligeras de vainilla, tabaco y licor. En boca, de impacto dulce y gran complejidad, es untuoso, con taninos suaves y redondos característicos del viñedo Angélica.', '245.00', '0.00', '0.21', 1, '2015-03-12 12:35:47', '2015-03-12 12:35:47', 0),
(71, NULL, 36, 'Saint Felicien-Malbec (estuche x2)', '1803-11', 'Saint Felicien Malbec es un vino elegante y complejo, de color violeta oscuro y profundo, típico de los malbecs argentinos. A la nariz, intenso y concentrado, presenta aromas de moras maduras con notas ligeras de vainilla, tabaco y licor. En boca, de impacto dulce y gran complejidad, es untuoso, con taninos suaves y redondos característicos del viñedo Angélica.', '480.00', '0.00', '0.21', 1, '2015-03-12 12:50:49', '2015-03-12 12:50:49', 0),
(72, NULL, 36, 'Saint Felicien-Tributo a Clorindo Testa (malbec) (estuche)', '441-08', 'Saint Felicien Clorindo Testa Malbec 2008, es un vino creado en honor a dicho artista, un tributo al arte de la pintura combinado con el arte de hacer un gran vino. Es una Edición Limitada de 80 barricas de Malbec, elaborado con uvas provenientes de viñedos ubicados a diferentes alturas. Se caracteriza por su complejidad, elegancia y su largo y persistente final de boca.', '415.00', '0.00', '0.21', 1, '2015-03-12 19:33:46', '2015-03-12 19:33:46', 0),
(73, NULL, 38, 'Saint Felicien-Nature (estuche x2)', '239-NV', 'El vino base de este espumante natural se elaboró con uvas Chardonnay y Pinot Noir provenientes de nuestros viñedos en Tupungato. Tanto el Chardonnay como el Pinot Noir son clones seleccionados típicos para la elaboración de espumantes naturales. El Chardonnay es muy intenso aromáticamente, elegante y de gran longitud, aportando al vino base la expresión aromática. El Pinot Noir de racimos pequeños y de gran equilibrio ácido aporta al corte la estructura y complejidad.  Sus aromas recuerdan a flores blancas y frutos cítricos con notas de pan fresco y levadura. En boca resulta de gran estructura y agradable sensación cremosa, con un final fresco y muy longevo.', '545.00', '0.00', '0.21', 1, '2015-03-12 19:43:15', '2015-03-12 19:43:15', 0),
(74, NULL, 38, 'Saint Felicien-Nature (estuche)', '267-NV-EST', 'El vino base de este espumante natural se elaboró con uvas Chardonnay y Pinot Noir provenientes de nuestros viñedos en Tupungato. Tanto el Chardonnay como el Pinot Noir son clones seleccionados típicos para la elaboración de espumantes naturales. El Chardonnay es muy intenso aromáticamente, elegante y de gran longitud, aportando al vino base la expresión aromática. El Pinot Noir de racimos pequeños y de gran equilibrio ácido aporta al corte la estructura y complejidad.  Sus aromas recuerdan a flores blancas y frutos cítricos con notas de pan fresco y levadura. En boca resulta de gran estructura y agradable sensación cremosa, con un final fresco y muy longevo.', '295.00', '0.00', '0.21', 1, '2015-03-12 19:46:23', '2015-03-12 19:46:23', 0),
(75, NULL, 38, 'prueba', '13', 'prueba', '13.00', '0.00', '0.21', 0, '2015-03-20 23:58:59', '2015-03-21 00:12:49', 0),
(76, NULL, 37, 'prueba1', '14', 'prueba1', '13.00', '0.00', '0.12', 1, '2015-03-21 00:05:02', '2015-03-21 00:05:02', 0),
(77, NULL, 36, 'Salentein Gran VU Blend', '7798074866129', 'De un intenso color rojo bordo, profundo. La nariz es delicada, de una expresión aromática intensa y compleja con aromas que recuerdan a frutos negros, regaliz y mentolados. En boca es redondo, presenta taninos maduros y estructurados. De muy buen volumen con final largo y persistente.', '1.10', '0.00', '0.21', 1, '2015-04-01 04:01:05', '2015-04-01 04:01:05', 0),
(78, NULL, 36, 'Grand Callia', '7798108836012', 'Grand Callia es un vino de corte de partida limitada que expresa lo mejor de los vinos de San Juan, su identidad como terruño. Se trata de un blend obtenido con uvas de las parcelas más cuidadas de distintos valles sanjuaninos.\r\nPresenta aromas especiados, y equilibrados ,con sutiles notas de vainilla y coco, logrados a partir de su paso por barricas. En boca se presenta untuoso, con taninos dulces, amables y redondos, es un vino largo y concentrado, con una adecuada estructura para la guarda.', '275.00', '0.00', '0.21', 1, '2015-04-01 04:04:05', '2015-04-01 04:04:05', 0),
(79, NULL, 36, 'Salentein Primus Malbec', '7798074860141', 'El color en esta cosecha marca un punto de inflexión por la altísima intensidad lograda. Su matiz negro y violeta, y acompañado por el vivo brillo, entregan un vino altamente atractivo. Con aromas intensos de frutos rojos y negros, complejos; este año con buena participación de especiados como el clavo de olor y apenas pimienta. En la boca presenta una entrada amplia, con taninos firmes, presentes que le dan la gran estructura para una larga guarda. La acidez está equilibrada con la dulzura del alcohol; frescura con prolongado final', '570.00', '0.00', '0.21', 1, '2015-04-01 04:08:09', '2015-04-01 04:08:09', 0),
(80, NULL, 36, 'Grand Callia (Estuche)', '7798108830072', 'Grand Callia es un vino de corte de partida limitada que expresa lo mejor de los vinos de San Juan, su identidad como terruño. Se trata de un blend obtenido con uvas de las parcelas más cuidadas de distintos valles sanjuaninos. Presenta aromas especiados, y equilibrados ,con sutiles notas de vainilla y coco, logrados a partir de su paso por barricas. En boca se presenta untuoso, con taninos dulces, amables y redondos, es un vino largo y concentrado, con una adecuada estructura para la guarda.', '275.00', '0.00', '0.21', 1, '2015-04-01 04:09:26', '2015-04-01 04:09:26', 0),
(81, NULL, 36, 'Salentein Primus Pinot Noir', '7798074860110', 'Vino de color rojo de intensidad media, brillante y de delicada fragancia, notas frescas de rosas, hojas secas y especiado, todo sostenido por una crujiente cereza madura y dulce. Untuoso, de acidez media y suficiente para el delicado balance del alcohol y la frescura. De entrada muy dulce y complejo; el pinot de mas carácter en los últimos años; estructura media a alta, taninos que se perciben maduros y amables; es ágil en boca con largo final.', '570.00', '0.00', '0.21', 1, '2015-04-01 04:13:35', '2015-04-01 04:13:35', 0),
(82, NULL, 36, 'Callia Magna Malbec', '7798108830157', 'A la vista se presenta de color rojo muy intenso, profundo y vivaz con destellos violáceos brillantes. En nariz encontramos marcados aromas frutales en los que predominan sensaciones de cerezas y frambuesas con algún recuerdo de violetas que le da una gran distinción, todo esto se integra con sutiles notas de vainilla y chocolate, propias de la madera.En boca aparece una gran persistencia, los taninos son dulces y agradables, dejando luego de su paso una sensación de frescura que invita a beber nuevamente', '73.00', '0.00', '0.21', 1, '2015-04-01 04:21:31', '2015-04-01 04:21:31', 0),
(83, NULL, 36, 'Salentein Primus Merlot', '7798074860134', 'Varietal de gran expresión e impactante potencial aromático. Vino de gran concentración, de taninos dulces y maduros que lo muestran muy estructurado; y definen su carácter típico y varietal de una manera única en la región. Se muestra complejo, con gran cuerpo, de prolongado y dulce final. Luego de criado 20 meses en barricas de roble francés de primer uso y 12 meses de guarda en botella el vino ha logrado un complejo y prolongado “bouquet” sobresaliendo las frutas negras muy maduras llegando a mermelada o jalea pero ya con una sutil mezcla de tabaco y especias. El maridaje de comidas elaboradas, condimentadas, quesos estacionados y buenas carnes rojas o de caza son buenos ejemplos de combinación', '570.00', '0.00', '0.21', 1, '2015-04-01 04:22:07', '2015-04-01 04:22:07', 0),
(84, NULL, 36, 'Salentein Primus Pinot Noir Estuche', '7798074869731', 'Vino de color rojo de intensidad media, brillante y de delicada fragancia, notas frescas de rosas, hojas secas y especiado, todo sostenido por una crujiente cereza madura y dulce. Untuoso, de acidez media y suficiente para el delicado balance del alcohol y la frescura. De entrada muy dulce y complejo; el pinot de mas carácter en los últimos años; estructura media a alta, taninos que se perciben maduros y amables; es ágil en boca con largo final', '570.00', '0.00', '0.21', 1, '2015-04-01 12:06:27', '2015-04-01 12:06:27', 0),
(85, NULL, 36, 'Salentein Primus Malbec Estuche', '7798074869694', 'El color en esta cosecha marca un punto de inflexión por la altísima intensidad lograda. Su matiz negro y violeta, y acompañado por el vivo brillo, entregan un vino altamente atractivo. Con aromas intensos de frutos rojos y negros, complejos; este año con buena participación de especiados como el clavo de olor y apenas pimienta. En la boca presenta una entrada amplia, con taninos firmes, presentes que le dan la gran estructura para una larga guarda. La acidez está equilibrada con la dulzura del alcohol; frescura con prolongado final.\r\nVino sin ningún tipo de clarificación, estabilización; puesto en botella sin filtrar por lo que puede mostrar algún depósito prueba de su poco despojo y natural elaboración.', '570.00', '0.00', '0.21', 1, '2015-04-01 12:10:49', '2015-04-01 12:10:49', 0),
(86, NULL, 36, 'Callia Magna Syrah', '7798108830140', 'A la vista se presenta de color rojo profundo, con tonalidades violetas y negruzcas, muy intenso. \r\nPresenta aromas que recuerdan especias, con notas de regaliz, vainilla y coco. \r\nEn boca se presenta untuoso, con taninos amables y redondos, de larga caudalía y fuerte presencia de especias aportadas por la madera y frutos como ciruelas e higos aportados por la uva. Es un vino con una adecuada estructura para la guarda.', '73.00', '0.00', '0.21', 1, '2015-04-01 12:20:14', '2015-04-01 12:20:14', 0),
(87, NULL, 36, 'Salentein Primus Merlot Estuche', '7798074869717', 'Varietal de gran expresión e impactante potencial aromático. Vino de gran concentración, de taninos dulces y maduros que lo muestran muy estructurado; y definen su carácter típico y varietal de una manera única en la región. Se muestra complejo, con gran cuerpo, de prolongado y dulce final. Luego de criado 20 meses en barricas de roble francés de primer uso y 12 meses de guarda en botella el vino ha logrado un complejo y prolongado “bouquet” sobresaliendo las frutas negras muy maduras llegando a mermelada o jalea pero ya con una sutil mezcla de tabaco y especias', '570.00', '0.00', '0.21', 1, '2015-04-01 12:25:58', '2015-04-01 12:25:58', 0),
(88, NULL, 36, 'Callia Magna Cabernet Sauvignon', '7798108836067', 'A la vista se presenta de color intenso predominando el matiz rojo, manifestando una muy buena concentración.En nariz presenta una gran tipicidad, donde se pueden percibir aromas especiados. En boca se repiten sensaciones especiadas, es dulce, profundo y complejo.', '73.00', '0.00', '0.21', 1, '2015-04-01 12:48:28', '2015-04-01 12:48:28', 0),
(89, NULL, 36, 'Callia Magna Syrah (Estuche)', '7798108830027', 'A la vista se presenta de color rojo profundo, con tonalidades violetas y negruzcas, muy intenso. Presenta aromas que recuerdan especias, con notas de regaliz, vainilla y coco. En boca se presenta untuoso, con taninos amables y redondos, de larga caudalía y fuerte presencia de especias aportadas por la madera y frutos como ciruelas e higos aportados por la uva. Es un vino con una adecuada estructura para la guarda.', '80.00', '0.00', '0.21', 1, '2015-04-01 12:56:00', '2015-04-01 12:56:00', 0),
(90, NULL, 36, 'Salentein Single Vineyard Malbec', '7798074862343', 'Se destaca por su intensidad y complejidad de sus aromas a bayas negras con notas orales típicos del Malbec cultivado en altura, su amplitud y concentración en boca, la sedosidad de sus taninos, la acidez natural y el prolongado -nal que lo hacen un vino único como el terruño que le dio origen.', '440.00', '0.00', '0.21', 1, '2015-04-01 13:08:15', '2015-04-01 13:08:15', 0);
INSERT INTO `producto` (`id`, `usuario_id`, `categoria_id`, `nombre`, `codigo`, `descripcion`, `precio`, `costo`, `iva`, `activo`, `created_at`, `updated_at`, `stock`) VALUES
(91, NULL, 36, 'Salentein Single Vineyard Pinot Noir', '7798074862336', 'Se destaca por la intensidad y complejidad de sus aromas, amplitud, delicadeza en boca y acidez natural, y por su prolongado y refrescante nal que lo hacen un vino único como el terruño que le dio origen', '440.00', '0.00', '0.21', 1, '2015-04-01 13:19:07', '2015-04-01 13:19:07', 0),
(92, NULL, 36, 'Callia Blend Cabernet Sauvignon', '7798108836876', 'De color rojo profundo con reflejos violáceos.En este vino se mezclan distintas sensaciones aportadas por uvas provenientes de distintos valles, toda la expresión frutal del valle de Zonda, con las sensaciones más complejas y especiadas del Valle de Tulum. En boca se presenta largo y persistente, con taninos muy dulces y maduros de gran calidad, perfectamente complementados por la madera.', '54.00', '0.00', '0.21', 1, '2015-04-01 13:21:10', '2015-04-01 13:21:10', 0),
(93, NULL, 36, 'Salentein Numina', '7798074869656', 'Su color es rojo violáceo, vivo, intenso y profundo.\r\nSu aroma es complejo y elegante, revelando notas a tabaco, casis, arándanos, especias y notas a vainilla y dulce de leche.\r\nEn la boca es amplio, intenso, de buen cuerpo y estructura tánica, con un final largo y persistente', '340.00', '0.00', '0.21', 1, '2015-04-01 13:38:45', '2015-04-01 13:38:45', 0);

-- --------------------------------------------------------

--
-- Estructura de tabla para la tabla `producto_bonificacion`
--

CREATE TABLE IF NOT EXISTS `producto_bonificacion` (
`id` int(11) NOT NULL,
  `product_id` int(11) DEFAULT NULL,
  `unidad` int(11) DEFAULT NULL,
  `valor` decimal(10,2) DEFAULT NULL,
  `tipo` int(11) DEFAULT NULL
) ENGINE=InnoDB DEFAULT CHARSET=utf8 COLLATE=utf8_unicode_ci;

-- --------------------------------------------------------

--
-- Estructura de tabla para la tabla `producto_extension`
--

CREATE TABLE IF NOT EXISTS `producto_extension` (
`id` int(11) NOT NULL,
  `producto_id` int(11) DEFAULT NULL,
  `valor` longtext COLLATE utf8_unicode_ci,
  `metadatoProducto_id` int(11) DEFAULT NULL
) ENGINE=InnoDB AUTO_INCREMENT=558 DEFAULT CHARSET=utf8 COLLATE=utf8_unicode_ci;

--
-- Volcado de datos para la tabla `producto_extension`
--

INSERT INTO `producto_extension` (`id`, `producto_id`, `valor`, `metadatoProducto_id`) VALUES
(8, 2, 'MAlbec', 61),
(9, 2, '2006', 62),
(10, 2, 'CATENA ZAPATA', 63),
(11, 2, '750 cm3', 64),
(12, 2, 'Argentina', 65),
(13, 2, 'Mendoza', 66),
(14, 2, 'Carnes', 67),
(15, 2, '18 meses en Roble Francés 50% Nuevo', 68),
(16, 3, 'Cabernet 50% - Malbec 50%', 61),
(17, 3, '2008', 62),
(18, 3, '16 meses en 90% Roble francés (30% nuevo), y 10% roble americano nuevo', 68),
(19, 3, 'CATENA ZAPATA', 63),
(20, 3, '750 cm3', 64),
(21, 3, 'Argentina', 65),
(22, 3, 'Mendoza', 66),
(23, 3, 'Carnes de Javali, carnes rojas', 67),
(24, 4, 'Syrah 50% - Syrah 50%', 61),
(25, 4, '2006', 62),
(26, 4, '16 meses en 85% roble francés (30% nuevo), y 15% roble americano nuevo.', 68),
(27, 4, 'CATENA ZAPATA', 63),
(28, 4, '750 cm3', 64),
(29, 4, 'Argentina', 65),
(30, 4, 'Mendoza', 66),
(31, 4, 'Carnes', 67),
(32, 7, 'Cabernet Franc  Malbec y Petit Verdot', 61),
(33, 7, '2008', 62),
(34, 7, '24 meses en barricas de roble frances de primer uso.-', 68),
(35, 7, 'CATENA ZAPATA', 63),
(36, 7, '750 cm3', 64),
(37, 7, 'Argentina', 65),
(38, 7, 'Valle del Uco', 66),
(39, 7, 'pastas', 67),
(40, 8, 'Cabernet Franc', 61),
(41, 8, '2012', 62),
(42, 8, '8 meses en Roble Frances.-                     ..', 68),
(43, 8, 'ERNESTO ZAPATA', 63),
(44, 8, '750 cm3', 64),
(45, 8, 'Argentina', 65),
(46, 8, 'San Rafael', 66),
(47, 8, 'carnes, Aves, peces, pastas', 67),
(48, 9, 'Cabernet Sauvignon', 61),
(49, 9, '2011', 62),
(50, 9, '16 meses en 90% roble francés (30% nuevo) y 10% roble americano nuevo', 68),
(51, 9, 'SAINT FELICIEN', 63),
(52, 9, '750cc', 64),
(53, 9, 'Argentina', 65),
(54, 9, 'Valle del Uco', 66),
(55, 9, 'pastas, aves', 67),
(64, 11, '100% Syrah de Agrelo y Vistaflores.', 61),
(65, 11, '2010.', 62),
(66, 11, '12 meses 85% en roble francés y 15% en roble americano.', 68),
(67, 11, 'DV Catena.', 63),
(68, 11, '13,5.', 64),
(69, 11, 'Argentina.', 65),
(70, 11, 'Mendoza.', 66),
(71, 11, 'Un vino ideal para acompañar pastas y carne roja como el cordero, o simplemente para beberlo y dizfrutarlo con frutas secas y chocolates..', 67),
(72, 13, '100% Malbec', 61),
(73, 13, '2008', 62),
(74, 13, '18 meses en Roble Francés, 50% Nuevo', 68),
(75, 13, 'angelica zapata', 63),
(76, 13, '750cc.', 64),
(77, 13, 'Argentina.', 65),
(78, 13, 'Mendoza.', 66),
(79, 13, 'Ideal para acompañar un gran asado argentino.', 67),
(80, 14, '100% Cabernet Sauvignon', 61),
(81, 14, '2007', 62),
(82, 14, '18 meses en 85% Roble Francés , 30% nuevo y 15 % Roble Americano nuevo', 68),
(83, 14, 'Catana Zapata', 63),
(84, 14, '750cc.', 64),
(85, 14, 'Argentina.', 65),
(86, 14, 'Mendoza.', 66),
(87, 14, 'Carnes rojas', 67),
(102, 17, '100% Merlot', 61),
(103, 17, 'La Pirámide, 2 de marzo 2007 Altamira, 25 de marzo de 2007 Adrianna, 9 de abril de 2007', 62),
(104, 17, '16 meses en roble Francés, 40 % nuevo. Con 3 trasiegos', 68),
(105, 17, 'Catana Zapata', 63),
(106, 17, '750cc.', 64),
(107, 17, 'Argentina.', 65),
(108, 17, 'La Pirámide, Agrrelo, Luján de Cuyo 950 msnm Altamira, San Carlos, 1095 msnm Adrianna, Gualtallary, Tupungato, 1450 msnm', 66),
(109, 17, '.', 67),
(110, 18, '100% Cabernet Franc', 61),
(111, 18, 'Manual, en Agrelo, entre el 25 y el 28 de Marzo, en Nicasia, entre el 10 y el 17 de Abril', 62),
(112, 18, '18 meses en Roble Francés 100% - 50 % nuevo', 68),
(113, 18, 'Catana Zapata', 63),
(114, 18, '750cc.', 64),
(115, 18, 'Argentina.', 65),
(116, 18, 'Mendoza. Nicasia, altitud 1095 msnm La Pirámide, altitud 950 msnm', 66),
(117, 18, '.', 67),
(118, 20, '100% Cabernet Franc', 61),
(119, 20, '2010.', 62),
(120, 20, '22 meses en barricas de roble frances', 68),
(121, 20, 'Catana Zapata', 63),
(122, 20, '750cc.', 64),
(123, 20, 'Argentina.', 65),
(124, 20, 'Viñedo Adrianna, Gualtallary, Tupungato, Mendoza (1470 m.s.n.m.)', 66),
(125, 20, ',', 67),
(126, 21, '60 % Malbec y 40 % Cabernet Sauvignon', 61),
(127, 21, '2008', 62),
(128, 21, '10 meses en barricas de roble francés de primer y segundo uso.', 68),
(129, 21, 'Catana Zapata', 63),
(130, 21, '750cc.', 64),
(131, 21, 'Argentina.', 65),
(132, 21, 'Agrelo, Gualtallary, Tupungato y Las Compuertas, Mendoza', 66),
(133, 21, 'buenas pastas', 67),
(134, 22, '100% Cabernet Sauvignon', 61),
(135, 22, '2006', 62),
(136, 22, '18 meses en Roble francés 80 % nuevo', 68),
(137, 22, 'DV Catena.', 63),
(138, 22, '750cc.', 64),
(139, 22, 'Argentina.', 65),
(140, 22, 'Mendoza.', 66),
(141, 22, ',', 67),
(142, 23, '80% Cabernet Franc, 10% Malbec, 10% Petit Verdot', 61),
(143, 23, '2009', 62),
(144, 23, 'crianza para este ejemplar se extendió a lo largo de 18 meses, en barricas de roble francés y americano (35% nuevas).', 68),
(145, 23, 'Catana Zapata', 63),
(146, 23, '750cc.', 64),
(147, 23, 'Argentina.', 65),
(148, 23, 'Mendoza.', 66),
(149, 23, 'Gran Enemigo Blend 2009 es ideal para combinar con platos de carnes rojas sobre salsas de mostaza o barbacoa. También sugerimos maridar este vino con pastas al scarparo. En tablas de quesos, este ejemplar resulta ideal para combinar con los sabores intensos del queso azul, el suizo, el brie y el de cabra. Recomendamos decantar este vino unos 25 minutos antes de su consumo. Temperatura de Servicio: 16°C - 18°C', 67),
(150, 24, '85% Cabernet Franc, 15% Malbec', 61),
(151, 24, '2010', 62),
(152, 24, '7 meses en foudres.', 68),
(153, 24, 'Catana Zapata', 63),
(154, 24, '750cc.', 64),
(155, 24, 'Argentina.', 65),
(156, 24, 'Mendoza.', 66),
(157, 24, 'Gran Enemigo Agrelo Single Vineyard 2010 es ideal para combinar con platos de carnes rojas sobre salsas de mostaza o barbacoa. También sugerimos maridar este vino con pastas al scarparo. En tablas de quesos, este ejemplar resulta ideal para combinar con los sabores intensos del queso azul, el suizo, el brie y el de cabra. Recomendamos decantar este vino unos 25 minutos antes de su consumo. Temperatura de Servicio: 16°C - 18°C', 67),
(158, 25, '90% Bonarda, 10% Cabernet Franc', 61),
(159, 25, '2009', 62),
(160, 25, '14 meses en barricas de roble frances, 50% nuevas', 68),
(161, 25, 'Catana Zapata', 63),
(162, 25, '750cc.', 64),
(163, 25, 'Argentina.', 65),
(164, 25, 'Mendoza.', 66),
(165, 25, 'Pastas y quesos.', 67),
(166, 26, '89% Malbec | 11% Petit Verdot', 61),
(167, 26, '2008', 62),
(168, 26, '14 meses de crianza en barricas de roble francés', 68),
(169, 26, 'Aleanna', 63),
(170, 26, '750cc.', 64),
(171, 26, 'Argentina.', 65),
(172, 26, 'Mendoza.', 66),
(173, 26, ',', 67),
(174, 28, 'Cabernet Franc 100%', 61),
(175, 28, '2010', 62),
(176, 28, 'Crianza de 14 meses de barrica', 68),
(177, 28, 'Aleanna', 63),
(178, 28, '750cc.', 64),
(179, 28, 'Argentina.', 65),
(180, 28, 'Mendoza.', 66),
(181, 28, ',', 67),
(190, 30, '100% Malbec', 61),
(191, 30, '2013', 62),
(192, 30, 'De 6 a 9 meses, en barricas de roble francés y americano', 68),
(193, 30, 'Catena Zapata', 63),
(194, 30, '13,5', 64),
(195, 30, 'Argentina', 65),
(196, 30, 'Mendoza', 66),
(197, 30, 'Álamos Malbec es ideal para acompañar pastas bañadas con salsas intensas a moderadas, empanadas criollas, picadas abundantes, tablas de quesos y diferentes variedades de carnes.', 67),
(198, 31, '100% Cabernet Sauvignon', 61),
(199, 31, '2013', 62),
(200, 31, 'Recibió un leve proceso de añejamiento, de 5 a 7 meses, en barricas de roble francés y americano', 68),
(201, 31, 'Catana Zapata', 63),
(202, 31, '750cc.', 64),
(203, 31, 'Argentina.', 65),
(204, 31, 'Mendoza.', 66),
(205, 31, 'Álamos Cabernet Sauvignon 2013 es ideal para acompañar pastas bañadas con salsas intensas a moderadas, empanadas criollas, picadas abundantes, tablas de quesos y diferentes variedades de carnes. Temperatura de Servicio: 16°C - 18°C.', 67),
(206, 32, '100% Pinot Noir', 61),
(207, 32, '2013', 62),
(208, 32, 'Cuenta con unos 8 meses de crianza en roble francés', 68),
(209, 32, 'Catena Zapata', 63),
(210, 32, '750', 64),
(211, 32, 'Argentina', 65),
(212, 32, 'Mendoza', 66),
(213, 32, 'Álamos Pinot Noir 2013 es ideal para acompañar pastas bañadas con salsas moderadas, carnes no muy condimentadas, pescados con salsas y tablas de quesos blandos', 67),
(214, 33, '100% Malbec', 61),
(215, 33, '2013', 62),
(216, 33, 'Recibió un leve proceso de añejamiento, de 6 a 9 meses, en barricas de roble francés y americano', 68),
(217, 33, 'Catana Zapata', 63),
(218, 33, '375cc', 64),
(219, 33, 'Argentina.', 65),
(220, 33, 'Mendoza.', 66),
(221, 33, 'Álamos Malbec es ideal para acompañar pastas bañadas con salsas intensas a moderadas, empanadas criollas, picadas abundantes, tablas de quesos y diferentes variedades de carnes. Temperatura de Servicio: 16°C - 18°C.', 67),
(222, 35, '100% Malbec.', 61),
(223, 35, '2010', 62),
(224, 35, 'Sin roble, para conservar intacto todo su potencial aromático', 68),
(225, 35, 'Catana Zapata', 63),
(226, 35, '750cc.', 64),
(227, 35, 'Argentina.', 65),
(228, 35, 'Mendoza.', 66),
(229, 35, 'Un vino de carácter sensual y elegante que bien puede acompañar frutos de mar, quesos y ensaladas de hoja verdes.', 67),
(238, 37, '100% Malbec', 61),
(239, 37, '2010', 62),
(240, 37, 'Sin roble, para conservar intacto todo su potencial aromático', 68),
(241, 37, 'Catana Zapata', 63),
(242, 37, '375cc.', 64),
(243, 37, 'Argentina.', 65),
(244, 37, 'Mendoza.', 66),
(245, 37, 'Un vino de carácter sensual y elegante que bien puede acompañar frutos de mar, quesos y ensaladas de hoja verdes.', 67),
(246, 44, '100% Malbec', 61),
(247, 44, '2013', 62),
(248, 44, '6 a 9 meses, en barricas de roble francés y americano.', 68),
(249, 44, 'Catana Zapata', 63),
(250, 44, '750cc.', 64),
(251, 44, 'Argentina.', 65),
(252, 44, 'Mendoza.', 66),
(253, 44, 'Álamos Malbec es ideal para acompañar pastas bañadas con salsas intensas a moderadas, empanadas criollas, picadas abundantes, tablas de quesos y diferentes variedades de carnes. Temperatura de Servicio: 16°C - 18°C', 67),
(254, 45, '100% Cabernet Suavignon', 61),
(255, 45, '2013', 62),
(256, 45, 'Álamos Cabernet Sauvignon 2013 es ideal para acompañar pastas bañadas con salsas intensas a moderadas, empanadas criollas, picadas abundantes, tablas de quesos y diferentes variedades de carnes. Temperatura de Servicio: 16°C - 18°C.', 68),
(257, 45, 'Catena Zapata', 63),
(258, 45, '750', 64),
(259, 45, 'Argentina', 65),
(260, 45, 'Mendoza', 66),
(261, 45, 'Álamos Cabernet Sauvignon 2013 es ideal para acompañar pastas bañadas con salsas intensas a moderadas, empanadas criollas, picadas abundantes, tablas de quesos y diferentes variedades de carnes. Temperatura de Servicio: 16°C - 18°C.', 67),
(262, 48, '90% Malbec 6% Cabernet Sauvignon 4% Petit Verdot', 61),
(263, 48, '2012', 62),
(264, 48, '12 meses en roble francés, 30% nuevo', 68),
(265, 48, 'Catena Zapata', 63),
(266, 48, '750', 64),
(267, 48, 'Argentina', 65),
(268, 48, 'Mendoza', 66),
(269, 48, 'La particular voluptuosidad y dulzor de este vino permiten acompañarlo con carré de cerdo a la miel, tagine de cordero y ciruelas o lomo a la naranja.', 67),
(270, 49, '100% Malbec', 61),
(271, 49, '2010', 62),
(272, 49, 'Sin roble, para conservar intacto todo su potencial aromático.', 68),
(273, 49, 'Catena Zapata', 63),
(274, 49, '750', 64),
(275, 49, 'Argentina', 65),
(276, 49, 'Mendoza', 66),
(277, 49, 'Un vino de carácter sensual y elegante que bien puede acompañar frutos de mar, quesos y ensaladas de hoja verdes.', 67),
(278, 50, '90% Cabernet Franc 7% Merlot 3% Petit Verdot', 61),
(279, 50, '2012', 62),
(280, 50, '12 meses en roble francés, 30% nuevo.', 68),
(281, 50, 'Catena Zapata', 63),
(282, 50, '750', 64),
(283, 50, 'Argentina', 65),
(284, 50, 'Mendoza', 66),
(285, 50, 'La sólida estructura de este vino permite acompañarlo con carnes rojas, rissotos y platos elaborados.', 67),
(286, 51, '70% Cabernet Sauvignon 30% Merlot', 61),
(287, 51, '2010', 62),
(288, 51, '6 meses en 90% roble francés (30% nuevo) y 10% roble americano nuevo', 68),
(289, 51, 'Catana Zapata', 63),
(290, 51, '750cc.', 64),
(291, 51, 'Argentina.', 65),
(292, 51, 'Mendoza.', 66),
(293, 51, 'Carnes azadas.', 67),
(294, 52, '100% Malbec', 61),
(295, 52, '2012', 62),
(296, 52, '16 meses en 90% Roble francés (30% nuevo), y 10% roble americano nuevo.', 68),
(297, 52, 'Catena Zapata', 63),
(298, 52, '750', 64),
(299, 52, 'Argentina', 65),
(300, 52, 'Mendoza', 66),
(301, 52, 'Exelente para acompañar con brochettes de pollo (panceta ahumada, morrón rojo, verde, cebolla y champignon)', 67),
(302, 53, '70% Cabernet Sauvignon 30% Merlot', 61),
(303, 53, '2007', 62),
(304, 53, '6 meses en 90% roble francés (30% nuevo) y 10% roble americano nuevo', 68),
(305, 53, 'Catana Zapata', 63),
(306, 53, '375cc.', 64),
(307, 53, 'Argentina.', 65),
(308, 53, 'Mendoza.', 66),
(309, 53, 'Carnes azadas.', 67),
(310, 54, '100% Malbec', 61),
(311, 54, '2012', 62),
(312, 54, '16 meses en 90% Roble francés (30% nuevo), y 10% roble americano nuevo.', 68),
(313, 54, 'Catena Zapata', 63),
(314, 54, '375', 64),
(315, 54, 'Argentina', 65),
(316, 54, 'Mendoza', 66),
(317, 54, 'Exelente para acompañar brochettes de pollo (panceta ahumada, morrón rojo, verde, cebolla y champignon).', 67),
(318, 55, '100% Malbec', 61),
(319, 55, '2011', 62),
(320, 55, '16 meses en 90% Roble francés (30% nuevo), y 10% roble americano nuevo.', 68),
(321, 55, 'Catena Zapata', 63),
(322, 55, '1500', 64),
(323, 55, 'Argentina', 65),
(324, 55, 'Mendoza', 66),
(325, 55, 'Exelente para acompañar brochettes de pollo (panceta ahumada, morrón rojo, verde, cebolla y champignon).', 67),
(326, 56, '100% Syrah', 61),
(327, 56, '2008', 62),
(328, 56, '12 meses en 90% roble francés (30% nuevo), y 10% roble americano nuevo', 68),
(329, 56, 'Catana Zapata', 63),
(330, 56, '750cc.', 64),
(331, 56, 'Argentina.', 65),
(332, 56, 'Mendoza.', 66),
(333, 56, 'Pastas y quesos.', 67),
(334, 61, '100% Cabernet Franc', 61),
(335, 61, '2010', 62),
(336, 61, '16 meses en 90% roble francés y 10% roble americano.', 68),
(337, 61, 'Catena Zapata', 63),
(338, 61, '750', 64),
(339, 61, 'Argentina', 65),
(340, 61, 'Mendoza', 66),
(341, 61, 'Un vino excelente para degustar con carne asada, combinado con diversos vegetales.', 67),
(342, 63, '100% Cabernet Franc', 61),
(343, 63, '2011', 62),
(344, 63, '16 meses en 90% roble francés y 10% roble americano.', 68),
(345, 63, 'Catena Zapata', 63),
(346, 63, '375', 64),
(347, 63, 'Argentina', 65),
(348, 63, 'Mendoza', 66),
(349, 63, 'Un vino excelente para degustar con carne asada, combinado con diversos vegetales.', 67),
(350, 64, '100% Malbec', 61),
(351, 64, '2008', 62),
(352, 64, 'En barricas de roble Francés.', 68),
(353, 64, 'Catena Zapata', 63),
(354, 64, '750', 64),
(355, 64, 'Argentina', 65),
(356, 64, 'Mendoza', 66),
(357, 64, 'Es un vino especial para acompañar pastas o verduras salteadas.', 67),
(358, 65, 'cabernet sauvignon (55%), cabernet franc (35%), merlot (10%)', 61),
(359, 65, '2012', 62),
(360, 65, '18 meses en toneles de roble.', 68),
(361, 65, 'Catena Zapata', 63),
(362, 65, '750', 64),
(363, 65, 'Argentina', 65),
(364, 65, 'Mendoza', 66),
(365, 65, 'Es una gran vino, que homenajea al celebre Miguel Brasco, y tiene en cuenta las exigencias de su paladar. Perfecto para acompañar carnes vacuna, así también como cordero', 67),
(366, 66, '100% Cabernet Suavignon', 61),
(367, 66, '2010', 62),
(368, 66, '12 meses en 90% roble francés (30% nuevo) y 10% roble americano nuevo.', 68),
(369, 66, 'Catena Zapata', 63),
(370, 66, '750', 64),
(371, 66, 'Argentina', 65),
(372, 66, 'Mendoza', 66),
(373, 66, 'Exquisito vino para acompañar con carnes de caza.', 67),
(374, 67, '100% Cabernet Franc', 61),
(375, 67, '2010', 62),
(376, 67, '16 meses en 90% roble francés y 10% roble americano.', 68),
(377, 67, 'Catena Zapata', 63),
(378, 67, '750', 64),
(379, 67, 'Argentina', 65),
(380, 67, 'Mendoza', 66),
(381, 67, 'Es un vino excelente que va de la mano con las carnes de caza, carnes asada acompañada de vegetales.', 67),
(382, 68, '100% Cabernet Suavignon', 61),
(383, 68, '2011', 62),
(384, 68, '12 meses en 90% roble francés (30% nuevo) y 10% roble americano nuevo.', 68),
(385, 68, 'Catena Zapata', 63),
(386, 68, '750', 64),
(387, 68, 'Argentina', 65),
(388, 68, 'Mendoza', 66),
(389, 68, 'Exquisito vino para acompañar con carnes de caza.', 67),
(390, 69, '70% Cabernet Sauvignon 30% Merlot.', 61),
(391, 69, '2010', 62),
(392, 69, '6 meses en 90% roble francés (30% nuevo) y 10% roble americano nuevo.', 68),
(393, 69, 'Catena Zapata', 63),
(394, 69, '750', 64),
(395, 69, 'Argentina', 65),
(396, 69, 'Mendoza', 66),
(397, 69, 'Delicioso vino para acompañar carnes rojas, patés, cordero y carnes de caza incluidas', 67),
(398, 70, '100% Malbec', 61),
(399, 70, '2011', 62),
(400, 70, '16 meses en 90% Roble francés (30% nuevo), y 10% roble americano nuevo.', 68),
(401, 70, 'Catena Zapata', 63),
(402, 70, '750', 64),
(403, 70, 'Argentina', 65),
(404, 70, 'Mendoza', 66),
(405, 70, 'Exelente para acompañar brochettes de pollo (panceta ahumada, morrón rojo, verde, cebolla y champignon).', 67),
(406, 71, '100% Malbec', 61),
(407, 71, '2011', 62),
(408, 71, '16 meses en 90% Roble francés (30% nuevo), y 10% roble americano nuevo.', 68),
(409, 71, 'Catena Zapata', 63),
(410, 71, '750', 64),
(411, 71, 'Argentina', 65),
(412, 71, 'Mendoza', 66),
(413, 71, 'Exelente para acompañar brochettes de pollo (panceta ahumada, morrón rojo, verde, cebolla y champignon).', 67),
(414, 72, '100% Malbec', 61),
(415, 72, '2008', 62),
(416, 72, 'En barricas de roble Francés', 68),
(417, 72, 'Catena Zapata', 63),
(418, 72, '750', 64),
(419, 72, 'Argentina', 65),
(420, 72, 'Mendoza', 66),
(421, 72, 'Es un vino especial para acompañar pastas o verduras salteadas.', 67),
(422, 77, '73% Malbec – 27% Cabernet Sauvignon', 61),
(423, 77, '2011', 62),
(424, 77, 'en barricas de roble francés durante 24 meses.', 68),
(425, 77, 'Salentein', 63),
(426, 77, '750 CC.', 64),
(427, 77, 'Argentina.', 65),
(428, 77, 'Valle de Uco - Mendoza', 66),
(429, 77, 'Este vino resulta exelente para acompañar carnes roja.', 67),
(430, 78, '50 % Syrah, 20% Tannat, 30% Malbec', 61),
(431, 78, '2010', 62),
(432, 78, '18 meses, la madera utilizada fue de origen Francés en un 50% y Americano en un 50%', 68),
(433, 78, 'Callia', 63),
(434, 78, '750', 64),
(435, 78, 'Argentina', 65),
(436, 78, 'San juan', 66),
(437, 78, 'El Grand Callia es un perfecto compañero de carnes rojas, asadas o a la parrilla', 67),
(438, 79, '100% Malbec', 61),
(439, 79, '2010', 62),
(440, 79, '19 meses en barricas de roble francés de primer uso.', 68),
(441, 79, 'Salentein', 63),
(442, 79, '750 CC.', 64),
(443, 79, 'Argentina.', 65),
(444, 79, 'Valle de Uco, Tunuyán, Mendoza', 66),
(445, 79, 'Vino para acompañar la alta gastronomía con base de carnes rojas y buena condimentación.', 67),
(446, 80, '50 % Syrah, 20% Tannat, 30% Malbec', 61),
(447, 80, '2010', 62),
(448, 80, '18 meses, la madera utilizada fue de origen Francés en un 50% y Americano en un 50%', 68),
(449, 80, 'Callia', 63),
(450, 80, '750', 64),
(451, 80, 'Argentina', 65),
(452, 80, 'San juan', 66),
(453, 80, 'El Grand Callia es un perfecto compañero de carnes rojas, asadas o a la parrilla', 67),
(454, 81, 'Pinot noir', 61),
(455, 81, '2009', 62),
(456, 81, '19 meses en barricas de roble francés de primer uso.', 68),
(457, 81, 'Salentein', 63),
(458, 81, '750cc.', 64),
(459, 81, 'Argentina.', 65),
(460, 81, 'Valle de Uco, Tunuyán, Mendoza', 66),
(461, 81, 'Combinarlo con preparaciones de cocina fusión, harán exaltar aún mas el maridaje de ambos. Se aconseja decantar por 60 minutos antes de beberlo, sirviéndolo a 16°C. El tiempo de guarda mínimo recomendado es de 10 años', 67),
(462, 82, '100% Malbec', 61),
(463, 82, '2011', 62),
(464, 82, 'Nueve meses en en barricas de roble americano y francés', 68),
(465, 82, 'Callia', 63),
(466, 82, '750', 64),
(467, 82, 'Argentina', 65),
(468, 82, 'San juan', 66),
(469, 82, 'Carnes rojas, carnes blancas, caza menor y quesos son alimentos que van de la mano con este exquisito vino', 67),
(470, 83, '100% Merlot', 61),
(471, 83, '2005', 62),
(472, 83, '19 meses en barricas de roble francés de primer uso.', 68),
(473, 83, 'Salentein', 63),
(474, 83, '750cc.', 64),
(475, 83, 'Argentina.', 65),
(476, 83, 'Valle de Uco, Tunuyán, Mendoza', 66),
(477, 83, 'El maridaje de comidas elaboradas, condimentadas, quesos estacionados y buenas carnes rojas o de caza son buenos ejemplos de combinación. Se aconseja decantar por 60 minutos antes de beberlo, sirviéndolo a 16°C. El tiempo de guarda mínimo recomendado es de 10 años', 67),
(478, 84, 'Pinot noir', 61),
(479, 84, '2009', 62),
(480, 84, '19 meses en barricas de roble francés de primer uso.', 68),
(481, 84, 'Salentein', 63),
(482, 84, '750cc.', 64),
(483, 84, 'Argentina.', 65),
(484, 84, 'Valle de Uco, Tunuyán, Mendoza', 66),
(485, 84, 'Combinarlo con preparaciones de cocina fusión, harán exaltar aún mas el maridaje de ambos. Se aconseja decantar por 60 minutos antes de beberlo, sirviéndolo a 16°C. El tiempo de guarda mínimo recomendado es de 10 años', 67),
(486, 85, '100% Malbec', 61),
(487, 85, '2010', 62),
(488, 85, '19 meses en barricas de roble francés de primer uso.', 68),
(489, 85, 'Salentein', 63),
(490, 85, '750cc.', 64),
(491, 85, 'Argentina.', 65),
(492, 85, 'Valle de Uco, Tunuyán, Mendoza', 66),
(493, 85, 'Vino para acompañar la alta gastronomía con base de carnes rojas y buena condimentación', 67),
(494, 86, '100% Syrah', 61),
(495, 86, '2011', 62),
(496, 86, 'Criado en barricas de roble Francés y Americano durante 8 meses. Estiba en botella durante 5 meses', 68),
(497, 86, 'Callia', 63),
(498, 86, '750', 64),
(499, 86, 'Argentina', 65),
(500, 86, 'San juan', 66),
(501, 86, 'Su exquisito sabor es perfecto para acompañar carnes rojas a la parrilla junto a vegetales', 67),
(502, 87, '100% Merlot', 61),
(503, 87, '2005', 62),
(504, 87, 'criado 20 meses en barricas de roble francés de primer uso y 12 meses de guarda en botella', 68),
(505, 87, 'Salentein', 63),
(506, 87, '750cc.', 64),
(507, 87, 'Argentina.', 65),
(508, 87, 'Valle de Uco, Tunuyán, Mendoza', 66),
(509, 87, 'El maridaje de comidas elaboradas, condimentadas, quesos estacionados y buenas carnes rojas o de caza son buenos ejemplos de combinación.', 67),
(510, 88, '100% Cabernet Suavignon', 61),
(511, 88, '2011', 62),
(512, 88, 'Nueve meses en en barricas de roble americano y francés', 68),
(513, 88, 'Callia', 63),
(514, 88, '750', 64),
(515, 88, 'Argentina', 65),
(516, 88, 'San juan', 66),
(517, 88, 'Su delicioso sabor y profundo aroma lo hacen perfecto para acompañar carnes rojas, asadas o a la parrilla', 67),
(518, 89, '100% Syrah', 61),
(519, 89, '2011', 62),
(520, 89, 'Criado en barricas de roble Francés y Americano durante 8 meses. Estiba en botella durante 5 meses', 68),
(521, 89, 'Callia', 63),
(522, 89, '750', 64),
(523, 89, 'Argentina', 65),
(524, 89, 'San juan', 66),
(525, 89, 'Su exquisito sabor es perfecto para acompañar carnes rojas a la parrilla junto a vegetales', 67),
(526, 90, '100% Malbec', 61),
(527, 90, '2010', 62),
(528, 90, '.', 68),
(529, 90, 'Salentein', 63),
(530, 90, '750cc.', 64),
(531, 90, 'Argentina.', 65),
(532, 90, 'Valle de Uco, Tunuyán, Mendoza', 66),
(533, 90, 'El maridaje de comidas elaboradas, condimentadas, quesos estacionados y buenas carnes rojas o de caza son buenos ejemplos de combinación.', 67),
(534, 91, 'Pinot noir', 61),
(535, 91, '2010.', 62),
(536, 91, '.', 68),
(537, 91, 'Salentein', 63),
(538, 91, '750cc.', 64),
(539, 91, 'Argentina.', 65),
(540, 91, 'Valle de Uco, Tunuyán, Mendoza', 66),
(541, 91, 'Pescados y ensaladas verder es una exelente opcion para ser acompañado con este vino.', 67),
(542, 92, '100% Cabernet Suavignon', 61),
(543, 92, '2013', 62),
(544, 92, 'Seis meses por madera, que corresponde al 50% de roble francés y 50% de roble americano.', 68),
(545, 92, 'Callia', 63),
(546, 92, '750', 64),
(547, 92, 'Argentina', 65),
(548, 92, 'San juan', 66),
(549, 92, 'Este vino es un buena opción a la hora de comer carnes de caza y carnes rojas', 67),
(550, 93, '64% Malbec | 18% Cabernet Sauvignon | 11% Merlot | 5% Cabernet Franc | 2% Petit Verdot', 61),
(551, 93, '2011', 62),
(552, 93, '.', 68),
(553, 93, 'Salentein', 63),
(554, 93, '750cc.', 64),
(555, 93, 'Argentina.', 65),
(556, 93, 'Valle de Uco, Tunuyán, Mendoza', 66),
(557, 93, 'carnes y quesos', 67);

-- --------------------------------------------------------

--
-- Estructura de tabla para la tabla `producto_imagen`
--

CREATE TABLE IF NOT EXISTS `producto_imagen` (
`id` int(11) NOT NULL,
  `producto_id` int(11) DEFAULT NULL,
  `primario` tinyint(1) DEFAULT NULL,
  `extension` varchar(4) COLLATE utf8_unicode_ci DEFAULT NULL
) ENGINE=InnoDB AUTO_INCREMENT=56 DEFAULT CHARSET=utf8 COLLATE=utf8_unicode_ci;

--
-- Volcado de datos para la tabla `producto_imagen`
--

INSERT INTO `producto_imagen` (`id`, `producto_id`, `primario`, `extension`) VALUES
(1, 2, 0, 'jpeg'),
(2, 2, 1, 'jpeg'),
(3, 3, 1, 'jpeg'),
(4, 4, 1, 'jpeg'),
(5, 5, 1, 'jpeg'),
(7, 7, 1, 'jpeg'),
(8, 8, 1, 'jpeg'),
(9, 9, 1, 'jpeg'),
(10, 12, 1, 'jpeg'),
(11, 13, 1, 'jpeg'),
(12, 14, 1, 'jpeg'),
(15, 18, 1, 'jpeg'),
(16, 19, 1, 'jpeg'),
(17, 20, 1, 'jpeg'),
(18, 21, 1, 'jpeg'),
(19, 17, 1, 'jpeg'),
(20, 22, 1, 'jpeg'),
(21, 11, 1, 'jpeg'),
(22, 23, 1, 'png'),
(23, 24, 1, 'png'),
(24, 25, 1, 'jpeg'),
(25, 26, 1, 'jpeg'),
(26, 27, 1, 'png'),
(27, 28, 1, 'jpeg'),
(29, 31, 1, 'png'),
(30, 34, 1, 'png'),
(31, 35, 0, 'jpeg'),
(32, 38, 1, 'jpeg'),
(33, 39, 1, 'jpeg'),
(34, 40, 1, 'jpeg'),
(35, 41, 1, 'jpeg'),
(36, 42, 1, 'jpeg'),
(37, 44, 1, 'jpeg'),
(38, 46, 1, 'jpeg'),
(39, 43, 1, 'jpeg'),
(40, 47, 1, 'jpeg'),
(41, 37, 1, 'jpeg'),
(42, 48, 0, 'jpeg'),
(43, 49, 0, 'jpeg'),
(44, 50, 0, 'jpeg'),
(45, 62, 1, 'jpeg'),
(46, 60, 1, 'jpeg'),
(47, 59, 1, 'jpeg'),
(48, 58, 1, 'jpeg'),
(49, 57, 1, 'jpeg'),
(50, 64, 1, 'jpeg'),
(51, 63, 1, 'gif'),
(52, 61, 1, 'gif'),
(53, 45, 1, 'jpeg'),
(54, 75, 1, 'jpeg'),
(55, 76, 0, 'jpeg');

-- --------------------------------------------------------

--
-- Estructura de tabla para la tabla `proveedor`
--

CREATE TABLE IF NOT EXISTS `proveedor` (
`id` int(11) NOT NULL,
  `localidad_id` int(11) DEFAULT NULL,
  `usuario_id` int(11) DEFAULT NULL,
  `codigo` int(11) DEFAULT NULL,
  `razon_social` varchar(150) COLLATE utf8_unicode_ci NOT NULL,
  `nombre_fantasia` varchar(200) COLLATE utf8_unicode_ci NOT NULL,
  `cuit` varchar(11) COLLATE utf8_unicode_ci NOT NULL,
  `domicilio` varchar(255) COLLATE utf8_unicode_ci NOT NULL,
  `codigo_postal` varchar(8) COLLATE utf8_unicode_ci NOT NULL,
  `pagina_web` varchar(150) COLLATE utf8_unicode_ci DEFAULT NULL,
  `telefono` varchar(150) COLLATE utf8_unicode_ci NOT NULL,
  `fax` varchar(20) COLLATE utf8_unicode_ci DEFAULT NULL,
  `email` varchar(100) COLLATE utf8_unicode_ci DEFAULT NULL,
  `contacto` varchar(150) COLLATE utf8_unicode_ci NOT NULL,
  `contacto_telefono` varchar(150) COLLATE utf8_unicode_ci DEFAULT NULL,
  `contacto_int` varchar(5) COLLATE utf8_unicode_ci DEFAULT NULL,
  `contacto_fax` varchar(20) COLLATE utf8_unicode_ci DEFAULT NULL,
  `contacto_movil` varchar(20) COLLATE utf8_unicode_ci DEFAULT NULL,
  `contacto_email` varchar(100) COLLATE utf8_unicode_ci DEFAULT NULL,
  `moneda` varchar(1) COLLATE utf8_unicode_ci DEFAULT NULL,
  `limite_credito` double NOT NULL,
  `tipo_pago` int(11) DEFAULT NULL,
  `descuento` decimal(10,2) DEFAULT NULL,
  `cond_iva` varchar(255) COLLATE utf8_unicode_ci NOT NULL,
  `nro_cuenta` varchar(80) COLLATE utf8_unicode_ci DEFAULT NULL,
  `observacion` longtext COLLATE utf8_unicode_ci
) ENGINE=InnoDB DEFAULT CHARSET=utf8 COLLATE=utf8_unicode_ci;

-- --------------------------------------------------------

--
-- Estructura de tabla para la tabla `reposicion`
--

CREATE TABLE IF NOT EXISTS `reposicion` (
`id` int(11) NOT NULL,
  `proveedor_id` int(11) DEFAULT NULL,
  `usuario_id` int(11) DEFAULT NULL,
  `codigo` varchar(150) COLLATE utf8_unicode_ci NOT NULL,
  `fecha_reposicion` datetime DEFAULT NULL,
  `fecha_alta` datetime DEFAULT NULL,
  `factura_numero` varchar(255) COLLATE utf8_unicode_ci DEFAULT NULL
) ENGINE=InnoDB DEFAULT CHARSET=utf8 COLLATE=utf8_unicode_ci;

-- --------------------------------------------------------

--
-- Estructura de tabla para la tabla `reposicion_item`
--

CREATE TABLE IF NOT EXISTS `reposicion_item` (
`id` int(11) NOT NULL,
  `reposicion_id` int(11) DEFAULT NULL,
  `producto_id` int(11) DEFAULT NULL,
  `cantidad` int(11) DEFAULT NULL,
  `precio_unitario` decimal(10,2) DEFAULT NULL
) ENGINE=InnoDB DEFAULT CHARSET=utf8 COLLATE=utf8_unicode_ci;

--
-- Índices para tablas volcadas
--

--
-- Indices de la tabla `categoria`
--
ALTER TABLE `categoria`
 ADD PRIMARY KEY (`id`), ADD KEY `IDX_4E10122D727ACA70` (`parent_id`), ADD KEY `IDX_4E10122DDB38439E` (`usuario_id`);

--
-- Indices de la tabla `configuracion`
--
ALTER TABLE `configuracion`
 ADD PRIMARY KEY (`id`);

--
-- Indices de la tabla `contenido`
--
ALTER TABLE `contenido`
 ADD PRIMARY KEY (`id`), ADD UNIQUE KEY `contenido_name_idx` (`nombre`);

--
-- Indices de la tabla `contenidodetalle`
--
ALTER TABLE `contenidodetalle`
 ADD PRIMARY KEY (`id`), ADD KEY `IDX_85BD32697FDA517C` (`contenido_id`);

--
-- Indices de la tabla `factura`
--
ALTER TABLE `factura`
 ADD PRIMARY KEY (`id`);

--
-- Indices de la tabla `fos_user`
--
ALTER TABLE `fos_user`
 ADD PRIMARY KEY (`id`), ADD UNIQUE KEY `UNIQ_957A647992FC23A8` (`username_canonical`), ADD UNIQUE KEY `UNIQ_957A6479A0D96FBF` (`email_canonical`);

--
-- Indices de la tabla `item`
--
ALTER TABLE `item`
 ADD PRIMARY KEY (`id`), ADD KEY `IDX_BF298A209750851F` (`orden_id`);

--
-- Indices de la tabla `metadato_producto`
--
ALTER TABLE `metadato_producto`
 ADD PRIMARY KEY (`id`), ADD KEY `IDX_A863D583397707A` (`categoria_id`);

--
-- Indices de la tabla `orden`
--
ALTER TABLE `orden`
 ADD PRIMARY KEY (`id`), ADD UNIQUE KEY `UNIQ_20E9E0D3F04F795F` (`factura_id`);

--
-- Indices de la tabla `parametro_localidad`
--
ALTER TABLE `parametro_localidad`
 ADD PRIMARY KEY (`id`), ADD KEY `IDX_ABDEC01D4E7121AF` (`provincia_id`);

--
-- Indices de la tabla `parametro_pais`
--
ALTER TABLE `parametro_pais`
 ADD PRIMARY KEY (`id`);

--
-- Indices de la tabla `parametro_provincia`
--
ALTER TABLE `parametro_provincia`
 ADD PRIMARY KEY (`id`), ADD KEY `IDX_372CD21EC604D5C6` (`pais_id`);

--
-- Indices de la tabla `producto`
--
ALTER TABLE `producto`
 ADD PRIMARY KEY (`id`), ADD KEY `IDX_5ECD6443DB38439E` (`usuario_id`), ADD KEY `IDX_5ECD64433397707A` (`categoria_id`);

--
-- Indices de la tabla `producto_bonificacion`
--
ALTER TABLE `producto_bonificacion`
 ADD PRIMARY KEY (`id`), ADD KEY `IDX_6C7C7FA34584665A` (`product_id`);

--
-- Indices de la tabla `producto_extension`
--
ALTER TABLE `producto_extension`
 ADD PRIMARY KEY (`id`), ADD KEY `IDX_6926885D7645698E` (`producto_id`), ADD KEY `IDX_6926885D674E6370` (`metadatoProducto_id`);

--
-- Indices de la tabla `producto_imagen`
--
ALTER TABLE `producto_imagen`
 ADD PRIMARY KEY (`id`), ADD KEY `IDX_2E3E7DFD7645698E` (`producto_id`);

--
-- Indices de la tabla `proveedor`
--
ALTER TABLE `proveedor`
 ADD PRIMARY KEY (`id`), ADD KEY `IDX_9431EA6D67707C89` (`localidad_id`), ADD KEY `IDX_9431EA6DDB38439E` (`usuario_id`);

--
-- Indices de la tabla `reposicion`
--
ALTER TABLE `reposicion`
 ADD PRIMARY KEY (`id`), ADD KEY `IDX_A65FAE52CB305D73` (`proveedor_id`), ADD KEY `IDX_A65FAE52DB38439E` (`usuario_id`);

--
-- Indices de la tabla `reposicion_item`
--
ALTER TABLE `reposicion_item`
 ADD PRIMARY KEY (`id`), ADD KEY `IDX_BA21EBE47157A9BF` (`reposicion_id`), ADD KEY `IDX_BA21EBE47645698E` (`producto_id`);

--
-- AUTO_INCREMENT de las tablas volcadas
--

--
-- AUTO_INCREMENT de la tabla `categoria`
--
ALTER TABLE `categoria`
MODIFY `id` int(11) NOT NULL AUTO_INCREMENT,AUTO_INCREMENT=40;
--
-- AUTO_INCREMENT de la tabla `configuracion`
--
ALTER TABLE `configuracion`
MODIFY `id` int(11) NOT NULL AUTO_INCREMENT,AUTO_INCREMENT=2;
--
-- AUTO_INCREMENT de la tabla `contenido`
--
ALTER TABLE `contenido`
MODIFY `id` int(11) NOT NULL AUTO_INCREMENT;
--
-- AUTO_INCREMENT de la tabla `contenidodetalle`
--
ALTER TABLE `contenidodetalle`
MODIFY `id` int(11) NOT NULL AUTO_INCREMENT;
--
-- AUTO_INCREMENT de la tabla `factura`
--
ALTER TABLE `factura`
MODIFY `id` int(11) NOT NULL AUTO_INCREMENT;
--
-- AUTO_INCREMENT de la tabla `fos_user`
--
ALTER TABLE `fos_user`
MODIFY `id` int(11) NOT NULL AUTO_INCREMENT;
--
-- AUTO_INCREMENT de la tabla `item`
--
ALTER TABLE `item`
MODIFY `id` int(11) NOT NULL AUTO_INCREMENT;
--
-- AUTO_INCREMENT de la tabla `metadato_producto`
--
ALTER TABLE `metadato_producto`
MODIFY `id` int(11) NOT NULL AUTO_INCREMENT,AUTO_INCREMENT=69;
--
-- AUTO_INCREMENT de la tabla `orden`
--
ALTER TABLE `orden`
MODIFY `id` int(11) NOT NULL AUTO_INCREMENT;
--
-- AUTO_INCREMENT de la tabla `parametro_localidad`
--
ALTER TABLE `parametro_localidad`
MODIFY `id` int(11) NOT NULL AUTO_INCREMENT,AUTO_INCREMENT=2383;
--
-- AUTO_INCREMENT de la tabla `parametro_pais`
--
ALTER TABLE `parametro_pais`
MODIFY `id` int(11) NOT NULL AUTO_INCREMENT,AUTO_INCREMENT=2;
--
-- AUTO_INCREMENT de la tabla `parametro_provincia`
--
ALTER TABLE `parametro_provincia`
MODIFY `id` int(11) NOT NULL AUTO_INCREMENT,AUTO_INCREMENT=26;
--
-- AUTO_INCREMENT de la tabla `producto`
--
ALTER TABLE `producto`
MODIFY `id` int(11) NOT NULL AUTO_INCREMENT,AUTO_INCREMENT=94;
--
-- AUTO_INCREMENT de la tabla `producto_bonificacion`
--
ALTER TABLE `producto_bonificacion`
MODIFY `id` int(11) NOT NULL AUTO_INCREMENT;
--
-- AUTO_INCREMENT de la tabla `producto_extension`
--
ALTER TABLE `producto_extension`
MODIFY `id` int(11) NOT NULL AUTO_INCREMENT,AUTO_INCREMENT=558;
--
-- AUTO_INCREMENT de la tabla `producto_imagen`
--
ALTER TABLE `producto_imagen`
MODIFY `id` int(11) NOT NULL AUTO_INCREMENT,AUTO_INCREMENT=56;
--
-- AUTO_INCREMENT de la tabla `proveedor`
--
ALTER TABLE `proveedor`
MODIFY `id` int(11) NOT NULL AUTO_INCREMENT;
--
-- AUTO_INCREMENT de la tabla `reposicion`
--
ALTER TABLE `reposicion`
MODIFY `id` int(11) NOT NULL AUTO_INCREMENT;
--
-- AUTO_INCREMENT de la tabla `reposicion_item`
--
ALTER TABLE `reposicion_item`
MODIFY `id` int(11) NOT NULL AUTO_INCREMENT;
--
-- Restricciones para tablas volcadas
--

--
-- Filtros para la tabla `categoria`
--
ALTER TABLE `categoria`
ADD CONSTRAINT `FK_4E10122D727ACA70` FOREIGN KEY (`parent_id`) REFERENCES `categoria` (`id`) ON DELETE CASCADE,
ADD CONSTRAINT `FK_4E10122DDB38439E` FOREIGN KEY (`usuario_id`) REFERENCES `fos_user` (`id`);

--
-- Filtros para la tabla `contenidodetalle`
--
ALTER TABLE `contenidodetalle`
ADD CONSTRAINT `FK_85BD32697FDA517C` FOREIGN KEY (`contenido_id`) REFERENCES `contenido` (`id`);

--
-- Filtros para la tabla `item`
--
ALTER TABLE `item`
ADD CONSTRAINT `FK_BF298A209750851F` FOREIGN KEY (`orden_id`) REFERENCES `orden` (`id`);

--
-- Filtros para la tabla `metadato_producto`
--
ALTER TABLE `metadato_producto`
ADD CONSTRAINT `FK_A863D583397707A` FOREIGN KEY (`categoria_id`) REFERENCES `categoria` (`id`);

--
-- Filtros para la tabla `orden`
--
ALTER TABLE `orden`
ADD CONSTRAINT `FK_20E9E0D3F04F795F` FOREIGN KEY (`factura_id`) REFERENCES `factura` (`id`) ON DELETE SET NULL;

--
-- Filtros para la tabla `parametro_localidad`
--
ALTER TABLE `parametro_localidad`
ADD CONSTRAINT `FK_ABDEC01D4E7121AF` FOREIGN KEY (`provincia_id`) REFERENCES `parametro_provincia` (`id`);

--
-- Filtros para la tabla `parametro_provincia`
--
ALTER TABLE `parametro_provincia`
ADD CONSTRAINT `FK_372CD21EC604D5C6` FOREIGN KEY (`pais_id`) REFERENCES `parametro_pais` (`id`);

--
-- Filtros para la tabla `producto`
--
ALTER TABLE `producto`
ADD CONSTRAINT `FK_5ECD64433397707A` FOREIGN KEY (`categoria_id`) REFERENCES `categoria` (`id`),
ADD CONSTRAINT `FK_5ECD6443DB38439E` FOREIGN KEY (`usuario_id`) REFERENCES `fos_user` (`id`);

--
-- Filtros para la tabla `producto_bonificacion`
--
ALTER TABLE `producto_bonificacion`
ADD CONSTRAINT `FK_6C7C7FA34584665A` FOREIGN KEY (`product_id`) REFERENCES `producto` (`id`);

--
-- Filtros para la tabla `producto_extension`
--
ALTER TABLE `producto_extension`
ADD CONSTRAINT `FK_6926885D674E6370` FOREIGN KEY (`metadatoProducto_id`) REFERENCES `metadato_producto` (`id`),
ADD CONSTRAINT `FK_6926885D7645698E` FOREIGN KEY (`producto_id`) REFERENCES `producto` (`id`);

--
-- Filtros para la tabla `producto_imagen`
--
ALTER TABLE `producto_imagen`
ADD CONSTRAINT `FK_2E3E7DFD7645698E` FOREIGN KEY (`producto_id`) REFERENCES `producto` (`id`);

--
-- Filtros para la tabla `proveedor`
--
ALTER TABLE `proveedor`
ADD CONSTRAINT `FK_9431EA6D67707C89` FOREIGN KEY (`localidad_id`) REFERENCES `parametro_localidad` (`id`),
ADD CONSTRAINT `FK_9431EA6DDB38439E` FOREIGN KEY (`usuario_id`) REFERENCES `fos_user` (`id`);

--
-- Filtros para la tabla `reposicion`
--
ALTER TABLE `reposicion`
ADD CONSTRAINT `FK_A65FAE52CB305D73` FOREIGN KEY (`proveedor_id`) REFERENCES `proveedor` (`id`),
ADD CONSTRAINT `FK_A65FAE52DB38439E` FOREIGN KEY (`usuario_id`) REFERENCES `fos_user` (`id`);

--
-- Filtros para la tabla `reposicion_item`
--
ALTER TABLE `reposicion_item`
ADD CONSTRAINT `FK_BA21EBE47157A9BF` FOREIGN KEY (`reposicion_id`) REFERENCES `reposicion` (`id`),
ADD CONSTRAINT `FK_BA21EBE47645698E` FOREIGN KEY (`producto_id`) REFERENCES `producto` (`id`);

/*!40101 SET CHARACTER_SET_CLIENT=@OLD_CHARACTER_SET_CLIENT */;
/*!40101 SET CHARACTER_SET_RESULTS=@OLD_CHARACTER_SET_RESULTS */;
/*!40101 SET COLLATION_CONNECTION=@OLD_COLLATION_CONNECTION */;
